Date,Close,High,Low,Open,Volume,Return,Volatility,Market_Risk_Score
2020-02-12,12201.2001953125,12231.75,12144.2998046875,12151.0,411700,0.0077056964194832656,0.009314838787325846,12.71
2020-02-13,12174.650390625,12225.650390625,12139.7998046875,12219.5498046875,501200,-0.0021759994314084485,0.009195820776118952,12.42
2020-02-14,12113.4501953125,12246.7001953125,12091.2001953125,12190.150390625,622800,-0.005026854435148831,0.009204349322020057,12.44
2020-02-17,12045.7998046875,12159.599609375,12037.0,12131.7998046875,0,-0.00558473346026378,0.0085585582322674,10.85
2020-02-18,11992.5,12030.75,11908.0498046875,12028.25,676900,-0.004424762618648104,0.00854867581546903,10.83
2020-02-19,12125.900390625,12134.7001953125,12042.099609375,12090.599609375,513600,0.011123651500938081,0.008779600299669885,11.4
2020-02-20,12080.849609375,12152.0,12071.4501953125,12119.0,502600,-0.003715252459506435,0.008299638804266422,10.22
2020-02-24,11829.400390625,12012.5498046875,11813.400390625,12012.5498046875,490800,-0.02081386879900149,0.009066587528385635,12.1
2020-02-25,11797.900390625,11883.0498046875,11779.900390625,11877.5,461000,-0.002662856861702312,0.008970515387327451,11.86
2020-02-26,11678.5,11783.25,11639.599609375,11738.5498046875,567600,-0.010120477938589723,0.009072579465516824,12.11
2020-02-27,11633.2998046875,11663.849609375,11536.7001953125,11661.25,608600,-0.003870376787472707,0.009079757112512236,12.13
2020-02-28,11201.75,11384.7998046875,11175.0498046875,11382.0,809900,-0.03709607866493836,0.011095795783933755,17.07
2020-03-02,11132.75,11433.0,11036.25,11387.349609375,680800,-0.006159751824491688,0.01109408083548266,17.07
2020-03-03,11303.2998046875,11342.25,11152.5498046875,11217.5498046875,696500,0.015319647408546855,0.011521282087645154,18.12
2020-03-04,11251.0,11356.599609375,11082.150390625,11351.349609375,797700,-0.004626950146523701,0.01152219597084442,18.12
2020-03-05,11269.0,11389.5,11244.599609375,11306.0498046875,1352500,0.0015998577904186018,0.011535353592701664,18.15
2020-03-06,10989.4501953125,11035.099609375,10827.400390625,10942.650390625,1811000,-0.024806975302821943,0.012123266524813598,19.59
2020-03-09,10451.4501953125,10751.5498046875,10294.4501953125,10742.0498046875,1565500,-0.048956043335951605,0.014578139929357681,25.61
2020-03-11,10458.400390625,10545.099609375,10334.0,10334.2998046875,1218500,0.0006649981756232659,0.014579177787973095,25.61
2020-03-12,9590.150390625,10040.75,9508.0,10039.9501953125,1343500,-0.08301938801064712,0.020410419121403758,39.91
2020-03-13,9955.2001953125,10159.400390625,8555.150390625,9107.599609375,1388000,0.03806507612689369,0.02191734338189263,43.6
2020-03-16,9197.400390625,9602.2001953125,9165.099609375,9587.7998046875,897700,-0.07612100106679087,0.02535568100946836,52.03
2020-03-17,8967.0498046875,9403.7998046875,8915.599609375,9285.400390625,935600,-0.02504518409052825,0.025526607538806548,52.45
2020-03-18,8468.7998046875,9127.5498046875,8407.0498046875,9088.4501953125,1516600,-0.05556454027271507,0.026819598888447305,55.62
2020-03-19,8263.4501953125,8575.4501953125,7832.5498046875,8063.2998046875,925700,-0.024247781753128472,0.0261615998596695,54.01
2020-03-20,8745.4501953125,8883.0,8178.2001953125,8284.4501953125,1071500,0.058329146858465686,0.028925111659237585,60.78
2020-03-23,7610.25,8159.25,7583.60009765625,7945.7001953125,653500,-0.1,0.03308222694386904,70.97
2020-03-24,7801.0498046875,8036.9501953125,7511.10009765625,7848.2998046875,738400,0.02507142402516349,0.03378999139860186,72.71
2020-03-25,8317.849609375,8376.75,7714.75,7735.14990234375,736900,0.06624746894667499,0.03673831099872551,79.93
2020-03-26,8641.4501953125,8749.0498046875,8304.900390625,8451.0,865600,0.038904356430389475,0.037719390875345815,82.34
2020-03-27,8660.25,9038.900390625,8522.900390625,8949.099609375,801500,0.0021755381634551707,0.037646520971601524,82.16
2020-03-30,8281.099609375,8576.0,8244.0,8385.9501953125,593300,-0.04378053643081892,0.03812868723656252,83.34
2020-03-31,8597.75,8678.2998046875,8358.0,8529.349609375,712700,0.03823772271336057,0.0391641238665252,85.88
2020-04-01,8253.7998046875,8588.099609375,8198.349609375,8584.099609375,506300,-0.04000467509668226,0.039547886670179534,86.82
2020-04-03,8083.7998046875,8356.5498046875,8055.7998046875,8356.5498046875,697000,-0.020596574186770744,0.03957041137453368,86.88
2020-04-07,8792.2001953125,8819.400390625,8360.9501953125,8446.2998046875,814200,0.08763210467115035,0.04334318599189844,96.13
2020-04-08,8748.75,9131.7001953125,8653.900390625,8688.900390625,896500,-0.004941902407507137,0.04333896612735478,96.12
2020-04-09,9111.900390625,9128.349609375,8904.5498046875,8973.0498046875,742100,0.04150883161880259,0.04422163949125996,98.28
2020-04-13,8993.849609375,9112.0498046875,8912.400390625,9103.9501953125,644000,-0.01295567073707915,0.04423000359514161,98.3
2020-04-15,8925.2998046875,9261.2001953125,8874.099609375,9196.400390625,879100,-0.007621853562688519,0.044226157676794685,98.29
2020-04-16,8992.7998046875,9053.75,8821.900390625,8851.25,719400,0.007562771164790316,0.04430196209852704,98.48
2020-04-17,9266.75,9324.0,9091.349609375,9323.4501953125,684200,0.03046328187687486,0.04440867701582386,98.74
2020-04-20,9261.849609375,9390.849609375,9230.7998046875,9390.2001953125,726400,-0.0005288143766692954,0.04441210519035397,98.75
2020-04-21,8981.4501953125,9044.400390625,8909.400390625,9016.9501953125,655100,-0.030274667144095657,0.04450698672292859,98.98
2020-04-22,9187.2998046875,9209.75,8946.25,9026.75,734400,0.02291941778872575,0.04480989929118315,99.72
2020-04-23,9313.900390625,9343.599609375,9170.150390625,9232.349609375,666700,0.01377995587701486,0.044923384756497285,100.0
2020-04-24,9154.400390625,9296.900390625,9141.2998046875,9163.900390625,659400,-0.017124941572334906,0.04482383399443785,99.76
2020-04-27,9282.2998046875,9377.099609375,9250.349609375,9259.7001953125,512800,0.013971358975458648,0.044113009009676844,98.01
2020-04-28,9380.900390625,9404.400390625,9260.0,9389.7998046875,614500,0.010622430648890235,0.04417021456203748,98.15
2020-04-29,9553.349609375,9599.849609375,9392.349609375,9408.599609375,653000,0.018383013524196468,0.04152084606590989,91.66
2020-04-30,9859.900390625,9889.0498046875,9731.5,9753.5,931200,0.03208830345213909,0.041355022455969975,91.25
2020-05-04,9293.5,9533.5,9266.9501953125,9533.5,687500,-0.05744483901313502,0.040270488506130776,88.59
2020-05-05,9205.599609375,9450.900390625,9190.75,9429.400390625,725200,-0.009458265521601117,0.04000574854228181,87.94
2020-05-06,9270.900390625,9346.900390625,9116.5,9226.7998046875,722200,0.007093593467121684,0.03846054470172803,84.16
2020-05-07,9199.0498046875,9277.849609375,9175.900390625,9234.0498046875,708700,-0.007750119504051356,0.0381465594801639,83.39
2020-05-08,9251.5,9382.650390625,9238.2001953125,9376.9501953125,609100,0.0057016970693835045,0.0368162710705523,80.13
2020-05-11,9239.2001953125,9439.900390625,9219.9501953125,9348.150390625,704600,-0.0013294930214019507,0.031217887324423772,66.4
2020-05-12,9196.5498046875,9240.849609375,9043.9501953125,9168.849609375,805500,-0.004616242718351149,0.031093991177565398,66.1
2020-05-13,9383.5498046875,9584.5,9351.099609375,9584.2001953125,846400,0.02033371253039773,0.029089755003349503,61.18
2020-05-14,9142.75,9281.099609375,9119.75,9213.9501953125,602600,-0.025661909373274727,0.02883872890054659,60.57
2020-05-15,9136.849609375,9182.400390625,9050.0,9182.400390625,575900,-0.0006453627874545287,0.028843677778050268,60.58
2020-05-18,8823.25,9158.2998046875,8806.75,9158.2998046875,773000,-0.034322509703259896,0.028371764028356283,59.42
2020-05-19,8879.099609375,9030.349609375,8855.2998046875,8961.7001953125,762200,0.00632982284022332,0.027572688704248848,57.47
2020-05-20,9066.5498046875,9093.7998046875,8875.349609375,8889.150390625,622300,0.021111396826158035,0.026647439777849884,55.2
2020-05-21,9106.25,9178.5498046875,9056.099609375,9079.4501953125,631500,0.004378754451001221,0.026256765933830684,54.24
2020-05-22,9039.25,9149.599609375,8968.5498046875,9067.900390625,675800,-0.0073575840768702605,0.021078913692158183,41.55
2020-05-26,9029.0498046875,9161.650390625,8996.650390625,9099.75,655000,-0.0011284338094974533,0.02105245122335521,41.48
2020-05-27,9314.9501953125,9334.0,9004.25,9082.2001953125,763500,0.03166450477176164,0.0204723108813777,40.06
2020-05-28,9490.099609375,9511.25,9336.5,9364.9501953125,837900,0.018803043536468778,0.02054999231507311,40.25
2020-05-29,9580.2998046875,9598.849609375,9376.900390625,9422.2001953125,967000,0.009504662651105722,0.02051138639259949,40.16
2020-06-01,9826.150390625,9931.599609375,9706.9501953125,9726.849609375,794200,0.025662097319460564,0.020925341687027605,41.17
2020-06-02,9979.099609375,9995.599609375,9824.0498046875,9880.849609375,770200,0.015565527970742954,0.02042616897842267,39.95
2020-06-03,10061.5498046875,10176.2001953125,10035.5498046875,10108.2998046875,794700,0.008262288035990828,0.02044166506927656,39.98
2020-06-04,10029.099609375,10123.849609375,9944.25,10054.25,775100,-0.003225168681009971,0.019499638758456613,37.67
2020-06-05,10142.150390625,10177.7998046875,10040.75,10093.7998046875,987100,0.011272276241460544,0.019221253743869075,36.99
2020-06-08,10167.4501953125,10328.5,10120.25,10326.75,936500,0.002494520758722585,0.01912294686491523,36.75
2020-06-09,10046.650390625,10291.150390625,10021.4501953125,10181.150390625,754200,-0.011881032349997822,0.01895487379899309,36.34
2020-06-10,10116.150390625,10148.75,10036.849609375,10072.599609375,632400,0.006917728526201428,0.018861207957558815,36.11
2020-06-11,9902.0,10112.0498046875,9885.0498046875,10094.099609375,715500,-0.021169158460066062,0.019308624724536653,37.21
2020-06-12,9972.900390625,9996.0498046875,9544.349609375,9544.9501953125,796300,0.00716020911179549,0.019087436116700753,36.66
2020-06-15,9813.7001953125,9943.349609375,9726.349609375,9919.349609375,716100,-0.015963279394844432,0.018447200864973305,35.09
2020-06-16,9914.0,10046.150390625,9728.5,10014.7998046875,899900,0.010220386061458031,0.01499337832125321,26.63
2020-06-17,9881.150390625,10003.599609375,9833.7998046875,9876.7001953125,685400,-0.0033134566648174157,0.014869152025959953,26.32
2020-06-18,10091.650390625,10111.2001953125,9845.0498046875,9863.25,622900,0.021303187551898528,0.015243119285183841,27.24
2020-06-19,10244.400390625,10272.400390625,10072.650390625,10119.0,892100,0.015136275444292302,0.015262137677780358,27.29
2020-06-22,10311.2001953125,10393.650390625,10277.599609375,10318.75,685400,0.006520616350433883,0.01526656014219881,27.3
2020-06-23,10471.0,10484.7001953125,10301.75,10347.9501953125,669200,0.015497691991291696,0.015382778812258666,27.58
2020-06-24,10305.2998046875,10553.150390625,10281.9501953125,10529.25,854800,-0.015824677233549855,0.015738678008721387,28.45
2020-06-25,10288.900390625,10361.7998046875,10194.5,10235.5498046875,994200,-0.001591357298992957,0.015456816912896874,27.76
2020-06-26,10383.0,10409.849609375,10311.25,10378.900390625,671900,0.00914574014738645,0.014492668811742356,25.4
2020-06-29,10312.400390625,10337.9501953125,10223.599609375,10311.9501953125,574500,-0.006799538608783573,0.014608917809770123,25.69
2020-06-30,10302.099609375,10401.0498046875,10267.349609375,10382.599609375,556200,-0.0009988732845714887,0.012729051811954467,21.08
2020-07-01,10430.0498046875,10447.0498046875,10299.599609375,10323.7998046875,573600,0.012419817334717198,0.012795146681122603,21.24
2020-07-02,10551.7001953125,10598.2001953125,10485.5498046875,10493.0498046875,597400,0.011663452514898642,0.012509708326900675,20.54
2020-07-03,10607.349609375,10631.2998046875,10562.650390625,10614.9501953125,525200,0.005273976044848361,0.01250888600356045,20.54
2020-07-06,10763.650390625,10811.400390625,10695.099609375,10723.849609375,571200,0.014735139974255018,0.012395462296704195,20.26
2020-07-07,10799.650390625,10813.7998046875,10689.7001953125,10802.849609375,636800,0.003344590235981215,0.012334621203675162,20.11
2020-07-08,10705.75,10847.849609375,10676.5498046875,10818.650390625,767900,-0.00869476207364206,0.011626312886809886,18.37
2020-07-09,10813.4501953125,10836.849609375,10733.0,10755.5498046875,618700,0.010060032721901813,0.011367690266281323,17.74
2020-07-10,10768.0498046875,10819.400390625,10713.0,10764.099609375,590700,-0.004198511095439339,0.011431600403832756,17.9
2020-07-13,10802.7001953125,10894.0498046875,10756.0498046875,10851.849609375,554100,0.003217889149241815,0.010671965063495782,16.03
2020-07-14,10607.349609375,10755.650390625,10562.900390625,10750.849609375,532400,-0.01808349601540049,0.011089620139040584,17.06
2020-07-15,10618.2001953125,10827.4501953125,10577.75,10701.0,715900,0.0010229309240368245,0.01102943218987734,16.91
2020-07-16,10739.9501953125,10755.2998046875,10595.2001953125,10706.2001953125,694400,0.011466161662100571,0.011121835912081848,17.14
2020-07-17,10901.7001953125,10933.4501953125,10749.650390625,10752.0,676900,0.01506059125586967,0.011247485969361991,17.45
2020-07-20,11022.2001953125,11037.900390625,10953.0,10999.4501953125,554300,0.011053321760931656,0.011356114716097807,17.71
2020-07-21,11162.25,11179.5498046875,11113.25,11126.099609375,772000,0.012706156865764484,0.01114861273618844,17.2
2020-07-22,11132.599609375,11238.099609375,11056.5498046875,11231.2001953125,765100,-0.0026563094918139463,0.01118663017435678,17.3
2020-07-23,11215.4501953125,11239.7998046875,11103.150390625,11135.0,621600,0.007442159858846331,0.010209296841087394,14.9
2020-07-24,11194.150390625,11225.400390625,11090.2998046875,11149.9501953125,678900,-0.0018991484351116306,0.0102529398461046,15.01
2020-07-27,11131.7998046875,11225.0,11087.849609375,11225.0,588100,-0.005569925698846956,0.0097200549652952,13.7
2020-07-28,11300.5498046875,11317.75,11151.400390625,11154.099609375,683900,0.0151592736988444,0.009865309372316437,14.06
2020-07-29,11202.849609375,11341.400390625,11149.75,11276.900390625,600700,-0.008645614328603224,0.01005564066025105,14.52
2020-07-30,11102.150390625,11299.9501953125,11084.9501953125,11254.2998046875,677800,-0.008988714680747911,0.009801048721435623,13.9
2020-07-31,11073.4501953125,11150.400390625,11026.650390625,11139.5,642600,-0.002585102372305803,0.009590642676161824,13.38
2020-08-03,10891.599609375,11058.0498046875,10882.25,11057.5498046875,680900,-0.016422215545293994,0.010168031923343914,14.8
2020-08-04,11095.25,11112.25,10908.099609375,10946.650390625,625700,0.018697932161379383,0.010331332159390132,15.2
2020-08-05,11101.650390625,11225.650390625,11064.0498046875,11155.75,667600,0.0005768586219327965,0.009775462382770057,13.84
2020-08-06,11200.150390625,11256.7998046875,11127.2998046875,11185.7001953125,600400,0.008872554668374333,0.009809942566922854,13.92
2020-08-07,11214.0498046875,11231.900390625,11142.0498046875,11186.650390625,452600,0.0012410024488720417,0.009741744077132219,13.75
2020-08-10,11270.150390625,11337.2998046875,11238.0,11270.25,492000,0.005002705259437024,0.009585465350760351,13.37
2020-08-11,11322.5,11373.599609375,11299.150390625,11322.25,586100,0.004644978776729314,0.009559439071481326,13.31
2020-08-12,11308.400390625,11322.0,11242.650390625,11289.0,609900,-0.0012452735151247118,0.009429519621042761,12.99
2020-08-13,11300.4501953125,11359.2998046875,11269.9501953125,11334.849609375,562400,-0.0007030344733010008,0.0092954040876642,12.66
2020-08-14,11178.400390625,11366.25,11111.4501953125,11353.2998046875,645100,-0.010800437378868932,0.009578793445397216,13.35
2020-08-17,11247.099609375,11267.099609375,11144.5,11248.900390625,634000,0.0061457110453491115,0.00930303159391935,12.68
2020-08-18,11385.349609375,11401.7001953125,11253.150390625,11259.7998046875,579200,0.012292057935075373,0.009505189747525192,13.17
2020-08-19,11408.400390625,11460.349609375,11394.099609375,11452.150390625,626200,0.002024600213507588,0.009296030417635088,12.66
2020-08-20,11312.2001953125,11361.4501953125,11289.7998046875,11317.4501953125,791600,-0.008432399987605033,0.009367163063542645,12.84
2020-08-21,11371.599609375,11418.5,11362.2001953125,11409.650390625,668700,0.005250916093857194,0.009326101036734735,12.73
2020-08-24,11466.4501953125,11497.25,11410.650390625,11412.0,532900,0.008341006471886514,0.009398418070595792,12.91
2020-08-25,11472.25,11525.900390625,11423.349609375,11513.099609375,638200,0.0005058064691958464,0.008605818985325099,10.97
2020-08-26,11549.599609375,11561.75,11461.849609375,11512.849609375,743400,0.0067423225064831005,0.008631798740543838,11.03
2020-08-27,11559.25,11617.349609375,11540.599609375,11609.2998046875,719800,0.0008355606212675504,0.00848248885131079,10.67
2020-08-28,11647.599609375,11686.0498046875,11589.400390625,11602.9501953125,807000,0.007643195654994939,0.008207023048746877,9.99
2020-08-31,11387.5,11794.25,11325.849609375,11777.5498046875,1371800,-0.022330747801946216,0.00917693017497552,12.37
2020-09-01,11470.25,11553.5498046875,11366.900390625,11464.2998046875,783800,0.007266739846322645,0.008992164548801437,11.92
2020-09-02,11535.0,11554.75,11430.400390625,11478.5498046875,593500,0.005645038251127943,0.009005179122361007,11.95
2020-09-03,11527.4501953125,11584.9501953125,11507.650390625,11566.2001953125,607100,-0.0006545127600779965,0.008933423857042828,11.77
2020-09-04,11333.849609375,11452.0498046875,11303.650390625,11354.400390625,681300,-0.016794744948559814,0.009493824706840535,13.15
2020-09-07,11355.0498046875,11381.150390625,11251.7001953125,11359.599609375,560300,0.0018705202595032944,0.009427901799085156,12.98
2020-09-08,11317.349609375,11437.25,11290.4501953125,11378.5498046875,572200,-0.0033201259317187093,0.009046955439468568,12.05
2020-09-09,11278.0,11298.150390625,11185.150390625,11218.599609375,728900,-0.003476927967516641,0.008923244064878962,11.75
2020-09-10,11449.25,11464.0498046875,11327.400390625,11363.2998046875,679400,0.015184429863450921,0.00914773978693504,12.3
2020-09-11,11464.4501953125,11493.5,11419.900390625,11447.7998046875,554800,0.0013276149365679668,0.009121726081913492,12.23
2020-09-14,11440.0498046875,11568.900390625,11383.5498046875,11540.150390625,642300,-0.0021283524468515003,0.008523317522475997,10.77
2020-09-15,11521.7998046875,11535.9501953125,11442.25,11487.2001953125,506700,0.007145947910690342,0.007970732719544623,9.41
2020-09-16,11604.5498046875,11618.099609375,11516.75,11538.4501953125,527800,0.0071820376506051,0.00804129420988106,9.59
2020-09-17,11516.099609375,11587.2001953125,11498.5,11539.400390625,0,-0.007622027291120936,0.008084262385285269,9.69
2020-09-18,11504.9501953125,11584.099609375,11446.099609375,11584.099609375,764200,-0.0009681588767627147,0.008091667471012491,9.71
2020-09-21,11250.5498046875,11535.25,11218.5,11503.7998046875,602900,-0.02211225483867385,0.009071046107490223,12.11
2020-09-22,11153.650390625,11302.2001953125,11084.650390625,11301.75,672200,-0.00861286032635733,0.009158567189606953,12.32
2020-09-23,11131.849609375,11259.5498046875,11024.400390625,11258.75,714900,-0.0019545871070447696,0.009161579594245435,12.33
2020-09-24,10805.5498046875,11015.2998046875,10790.2001953125,11011.0,706100,-0.029312272096516434,0.010566478468544931,15.78
2020-09-25,11050.25,11072.599609375,10854.849609375,10910.400390625,559600,0.022645788482354545,0.011284559715491284,17.54
2020-09-28,11227.5498046875,11239.349609375,11099.849609375,11140.849609375,472800,0.016044868187371275,0.011619960594853684,18.36
2020-09-29,11222.400390625,11305.400390625,11181.0,11288.599609375,498300,-0.0004586409458945395,0.011385973796432391,17.78
2020-09-30,11247.5498046875,11295.400390625,11184.5498046875,11244.4501953125,499300,0.002241001317642377,0.011387642658499217,17.79
2020-10-01,11416.9501953125,11428.599609375,11347.0498046875,11364.4501953125,447700,0.015061092732783665,0.011622333637992975,18.36
2020-10-05,11503.349609375,11578.0498046875,11452.2998046875,11487.7998046875,530600,0.0075676439490797165,0.011663486827656755,18.46
2020-10-06,11662.400390625,11680.2998046875,11564.2998046875,11603.4501953125,561400,0.013826475474619793,0.01183322079237844,18.88
2020-10-07,11738.849609375,11763.0498046875,11629.349609375,11679.25,513400,0.006555187284725372,0.011882419145690456,19.0
2020-10-08,11834.599609375,11905.7001953125,11791.150390625,11835.400390625,608800,0.008156676606839941,0.011909442038748368,19.07
2020-10-09,11914.2001953125,11938.599609375,11805.2001953125,11852.0498046875,611100,0.0067260903253916204,0.011957116789173838,19.18
2020-10-12,11930.9501953125,12022.0498046875,11867.2001953125,11973.5498046875,522600,0.0014058853909966196,0.011893082962887207,19.03
2020-10-13,11934.5,11988.2001953125,11888.900390625,11934.650390625,458300,0.0002975290843887368,0.01105923239368641,16.98
2020-10-14,11971.0498046875,11997.2001953125,11822.150390625,11917.400390625,569200,0.0030625333853533387,0.011011805471805799,16.87
2020-10-15,11680.349609375,12025.4501953125,11661.2998046875,12023.4501953125,608900,-0.02428360085835335,0.011938571564037121,19.14
2020-10-16,11762.4501953125,11789.75,11667.849609375,11727.400390625,555800,0.007028949362235082,0.011995524168530742,19.28
2020-10-19,11873.0498046875,11898.25,11820.400390625,11879.2001953125,541400,0.009402769621849272,0.01162256277674191,18.36
2020-10-20,11896.7998046875,11949.25,11837.25,11861.0,453600,0.002000328507897331,0.011622684919894953,18.36
2020-10-21,11937.650390625,12018.650390625,11775.75,11958.5498046875,623700,0.0034337457642519276,0.01158904923414242,18.28
2020-10-22,11896.4501953125,11939.5498046875,11823.4501953125,11890.0,544900,-0.0034512817819539743,0.011588644017805348,18.28
2020-10-23,11930.349609375,11974.5498046875,11908.75,11957.900390625,502300,0.0028495402835257977,0.011314676911338676,17.61
2020-10-26,11767.75,11942.849609375,11711.7001953125,11937.400390625,519800,-0.013629073304543216,0.011644298833477793,18.42
2020-10-27,11889.400390625,11899.0498046875,11723.0,11807.099609375,616300,0.010337608346965288,0.011753068132208559,18.68
2020-10-28,11729.599609375,11929.400390625,11684.849609375,11922.599609375,704000,-0.013440608945763599,0.012001491002875909,19.29
2020-10-29,11670.7998046875,11744.150390625,11606.4501953125,11633.2998046875,555000,-0.005012942184360991,0.011979684674845064,19.24
2020-10-30,11642.400390625,11748.9501953125,11535.4501953125,11678.4501953125,553700,-0.002433373422367602,0.011899156812488867,19.04
2020-11-02,11669.150390625,11725.650390625,11557.400390625,11697.349609375,568400,0.002297636149117599,0.01190083977193568,19.05
2020-11-03,11813.5,11836.2001953125,11723.2998046875,11734.4501953125,674300,0.01237019016319918,0.011286812763978016,17.54
2020-11-04,11908.5,11929.650390625,11756.400390625,11783.349609375,667300,0.008041647267956087,0.01117154036182579,17.26
2020-11-05,12120.2998046875,12131.099609375,12027.599609375,12062.400390625,632500,0.017785598915690537,0.011492344299131195,18.05
2020-11-06,12263.5498046875,12280.400390625,12131.849609375,12156.650390625,576800,0.011819014571289532,0.009852971075439122,14.03
2020-11-09,12461.0498046875,12474.0498046875,12367.349609375,12399.400390625,553400,0.016104635537461442,0.009498416503197618,13.16
2020-11-10,12631.099609375,12643.900390625,12475.25,12556.400390625,847500,0.01364650710436388,0.009403658553515852,12.92
2020-11-11,12749.150390625,12769.75,12571.099609375,12680.599609375,880500,0.009346041508720315,0.009414557951399666,12.95
2020-11-12,12690.7998046875,12741.150390625,12624.849609375,12702.150390625,622000,-0.004576821525331454,0.009547420245580054,13.28
2020-11-13,12719.9501953125,12735.9501953125,12607.7001953125,12659.7001953125,513900,0.002296970330761372,0.00932279184686977,12.73
2020-11-17,12874.2001953125,12934.0498046875,12797.099609375,12932.5,707700,0.012126619808373373,0.009425427370928103,12.98
2020-11-18,12938.25,12948.849609375,12819.349609375,12860.099609375,731300,0.004975051165572175,0.009237506172030492,12.52
2020-11-19,12771.7001953125,12963.0,12745.75,12839.5,768800,-0.01287266861341374,0.00968659299404514,13.62
2020-11-20,12859.0498046875,12892.4501953125,12730.25,12813.400390625,664000,0.00683930941371913,0.009664716643960037,13.56
2020-11-23,12926.4501953125,12968.849609375,12825.7001953125,12960.2998046875,633100,0.005241475198302092,0.009647793582966723,13.52
2020-11-24,13055.150390625,13079.099609375,12978.0,13002.599609375,571900,0.0099563448098976,0.009732128076937026,13.73
2020-11-25,12858.400390625,13145.849609375,12833.650390625,13130.0,679000,-0.015070680468092346,0.010271632456749342,15.05
2020-11-26,12987.0,13018.0,12790.400390625,12906.4501953125,549800,0.010001213639976747,0.010361537529226902,15.27
2020-11-27,12968.9501953125,13035.2998046875,12914.2998046875,13012.0498046875,1162400,-0.001389836350773832,0.009061803946438976,12.09
2020-12-01,13109.0498046875,13128.400390625,12962.7998046875,13062.2001953125,583600,0.010802694687318537,0.00913786361986911,12.27
2020-12-02,13113.75,13128.5,12983.5498046875,13121.400390625,717700,0.0003585458429504751,0.009090935573599654,12.16
2020-12-03,13133.900390625,13216.599609375,13107.900390625,13215.2998046875,713700,0.0015365849299400214,0.009093718381673124,12.17
2020-12-04,13258.5498046875,13280.0498046875,13152.849609375,13177.400390625,640500,0.009490662358873525,0.009162777915731739,12.33
2020-12-07,13355.75,13366.650390625,13241.9501953125,13264.849609375,591700,0.007331133249439903,0.00909007115036617,12.16
2020-12-08,13392.9501953125,13435.4501953125,13311.0498046875,13393.849609375,543200,0.002785331809333158,0.009090335615477296,12.16
2020-12-09,13529.099609375,13548.900390625,13449.599609375,13458.099609375,502600,0.010165752285866914,0.008528667985123863,10.78
2020-12-10,13478.2998046875,13503.5498046875,13399.2998046875,13488.5,553400,-0.0037548548058806697,0.00859502122307328,10.94
2020-12-11,13513.849609375,13579.349609375,13402.849609375,13512.2998046875,787700,0.002637558535026452,0.007931100309286492,9.32
2020-12-14,13558.150390625,13597.5,13472.4501953125,13571.4501953125,558400,0.0032781762806703973,0.007720409874104926,8.8
2020-12-15,13567.849609375,13589.650390625,13447.0498046875,13547.2001953125,497600,0.0007153791977927426,0.007636281399613751,8.59
2020-12-16,13682.7001953125,13692.349609375,13606.4501953125,13663.099609375,462200,0.008464907059269056,0.007640058027044389,8.6
2020-12-17,13740.7001953125,13773.25,13673.5498046875,13713.5498046875,416000,0.004238929390550483,0.0075257393952377835,8.32
2020-12-18,13760.5498046875,13772.849609375,13658.599609375,13764.400390625,519400,0.0014445849987885229,0.0075325165999316724,8.34
2020-12-21,13328.400390625,13777.5,13131.4501953125,13741.900390625,687300,-0.0314049525779333,0.00967149267302654,13.58
2020-12-22,13466.2998046875,13492.0498046875,13192.900390625,13373.650390625,696200,0.010346283876607965,0.009629977260825127,13.48
2020-12-23,13601.099609375,13619.4501953125,13432.2001953125,13473.5,458700,0.010010159185716239,0.00940943473232954,12.94
2020-12-24,13749.25,13771.75,13626.900390625,13672.150390625,471400,0.01089253037474136,0.009314593184914274,12.71
2020-12-28,13873.2001953125,13885.2998046875,13811.5498046875,13815.150390625,403600,0.009015051389166695,0.009306855300103233,12.69
2020-12-29,13932.599609375,13967.599609375,13859.900390625,13910.349609375,439600,0.004281594241144937,0.009202623159088305,12.43
2020-12-30,13981.9501953125,13997.0,13864.9501953125,13980.900390625,380700,0.003542094606974411,0.00920141370012731,12.43
2020-12-31,13981.75,14024.849609375,13936.4501953125,13970.0,452400,-1.4318125132972703e-05,0.009061164070259373,12.09
2021-01-01,14018.5,14049.849609375,13991.349609375,13996.099609375,358100,0.0026284263414808606,0.009051817822633984,12.06
2021-01-04,14132.900390625,14147.9501953125,13953.75,14104.349609375,495000,0.00816067272711063,0.008606319873918326,10.97
2021-01-05,14199.5,14215.599609375,14048.150390625,14075.150390625,492500,0.004712380865514287,0.00858589755901275,10.92
2021-01-06,14146.25,14244.150390625,14039.900390625,14240.9501953125,632300,-0.0037501320469031096,0.00867396629840199,11.14
2021-01-07,14137.349609375,14256.25,14123.099609375,14253.75,559200,-0.0006291696120880319,0.00859818482839471,10.95
2021-01-08,14347.25,14367.2998046875,14221.650390625,14258.400390625,613500,0.014847223590326086,0.008192095129258593,9.95
2021-01-11,14484.75,14498.2001953125,14383.099609375,14474.0498046875,672900,0.009583718134137165,0.008181354290817148,9.93
2021-01-12,14563.4501953125,14590.650390625,14432.849609375,14473.7998046875,929600,0.005433314024232416,0.008130305930507491,9.8
2021-01-13,14564.849609375,14653.349609375,14435.7001953125,14639.7998046875,874000,9.609083312889233e-05,0.00805169311875974,9.61
2021-01-14,14595.599609375,14617.7998046875,14471.5,14550.0498046875,620200,0.002111247340323086,0.008034090971427328,9.57
2021-01-15,14433.7001953125,14617.4501953125,14357.849609375,14594.349609375,789600,-0.011092344158201595,0.008465565550584435,10.63
2021-01-18,14281.2998046875,14459.150390625,14222.7998046875,14453.2998046875,762000,-0.010558650142566628,0.008737668904870122,11.29
2021-01-19,14521.150390625,14546.0498046875,14350.849609375,14371.650390625,546100,0.016794730817062842,0.00908151998577003,12.14
2021-01-20,14644.7001953125,14666.4501953125,14517.5498046875,14538.2998046875,623100,0.008508265623863087,0.009140406593214122,12.28
2021-01-21,14590.349609375,14753.5498046875,14517.25,14730.9501953125,704600,-0.0037112802046228577,0.009117603385610695,12.22
2021-01-22,14371.900390625,14619.900390625,14357.75,14583.400390625,776800,-0.014972171647596122,0.00960265064841571,13.41
2021-01-25,14238.900390625,14491.099609375,14218.599609375,14477.7998046875,618600,-0.009254169343308138,0.009826248983062894,13.96
2021-01-27,13967.5,14237.9501953125,13929.2998046875,14237.9501953125,660700,-0.019060488041877988,0.010530778996383681,15.69
2021-01-28,13817.5498046875,13898.25,13713.25,13810.400390625,637900,-0.010735650281904374,0.010748454445768286,16.22
2021-01-29,13634.599609375,13966.849609375,13596.75,13946.599609375,753200,-0.013240422354072856,0.010934186393507035,16.68
2021-02-01,14281.2001953125,14336.349609375,13661.75,13758.599609375,870500,0.047423511101338356,0.013947077509491292,24.06
2021-02-02,14647.849609375,14731.7001953125,14469.150390625,14481.099609375,915000,0.02567357148195737,0.014635455701295604,25.75
2021-02-03,14789.9501953125,14868.849609375,14574.150390625,14754.900390625,869500,0.009701122671723184,0.013239628528636093,22.33
2021-02-04,14895.650390625,14913.7001953125,14714.75,14789.0498046875,884700,0.0071467580293813615,0.013195875764873622,22.22
2021-02-05,14924.25,15014.650390625,14864.75,14952.599609375,935600,0.0019199973566108586,0.013139765992191554,22.08
2021-02-08,15115.7998046875,15159.900390625,15041.0498046875,15064.2998046875,671200,0.01283480273296811,0.013183779839752684,22.19
2021-02-09,15109.2998046875,15257.099609375,15064.2998046875,15164.150390625,713300,-0.0004300136336804483,0.013154017205289694,22.12
2021-02-10,15106.5,15168.25,14977.2001953125,15119.0498046875,624800,-0.00018530340410816137,0.013163488159097387,22.14
2021-02-11,15173.2998046875,15188.5,15065.400390625,15073.25,500100,0.004421924647502795,0.013166218009723478,22.15
2021-02-12,15163.2998046875,15243.5,15081.0,15186.2001953125,571800,-0.0006590524229219685,0.013171515812400007,22.16
2021-02-15,15314.7001953125,15340.150390625,15243.400390625,15270.2998046875,456000,0.00998465984153385,0.013236704427996158,22.32
2021-02-16,15313.4501953125,15431.75,15242.2001953125,15371.4501953125,648500,-8.162092525865194e-05,0.013212181014292218,22.26
2021-02-17,15208.900390625,15314.2998046875,15170.75,15279.900390625,504800,-0.006827318687430917,0.013320947240924669,22.53
2021-02-18,15118.9501953125,15250.75,15078.0498046875,15238.7001953125,770600,-0.005914312869584326,0.013361069277521866,22.63
2021-02-19,14981.75,15144.0498046875,14898.2001953125,15074.7998046875,712200,-0.009074717063029758,0.013513117749371369,23.0
2021-02-22,14675.7001953125,15010.099609375,14635.0498046875,14999.0498046875,609900,-0.020428174591586412,0.013888257001413603,23.92
2021-02-23,14707.7998046875,14854.5,14651.849609375,14782.25,744100,0.0021872625461001327,0.013793137092109385,23.69
2021-02-24,14982.0,15008.7998046875,14504.5,14729.150390625,403800,0.01864318245786234,0.014158751317336094,24.58
2021-02-25,15097.349609375,15176.5,15065.349609375,15079.849609375,803900,0.007699213013950157,0.014209216652885411,24.71
2021-02-26,14529.150390625,14919.4501953125,14467.75,14888.599609375,1103600,-0.03763569324758598,0.01588466823355796,28.81
2021-03-01,14761.5498046875,14806.7998046875,14638.5498046875,14702.5,507300,0.015995389118723446,0.016003639391730783,29.1
2021-03-02,14919.099609375,14959.099609375,14760.7998046875,14865.2998046875,621700,0.010672985341787733,0.015950076895478477,28.97
2021-03-03,15245.599609375,15273.150390625,14995.7998046875,15064.400390625,544200,0.021884698711632122,0.01614340243344659,29.45
2021-03-04,15080.75,15202.349609375,14980.2001953125,15026.75,534900,-0.010812930524138231,0.016249526750008046,29.71
2021-03-05,14938.099609375,15092.349609375,14862.099609375,14977.9501953125,640700,-0.009459104528952489,0.016341901935651885,29.93
2021-03-08,14956.2001953125,15111.150390625,14919.900390625,15002.4501953125,0,0.0012117060677612201,0.016064165322236867,29.25
2021-03-09,15098.400390625,15126.849609375,14925.4501953125,15049.900390625,675300,0.00950777560179139,0.01599800880961939,29.09
2021-03-10,15174.7998046875,15218.4501953125,15100.849609375,15202.150390625,404600,0.005060099883821945,0.01549724992722657,27.86
2021-03-12,15030.9501953125,15336.2998046875,14953.599609375,15321.150390625,493200,-0.009479506235763657,0.015460840082575589,27.77
2021-03-15,14929.5,15048.400390625,14745.849609375,15048.400390625,467500,-0.006749419963093084,0.015271071260238694,27.31
2021-03-16,14910.4501953125,15051.599609375,14890.650390625,14996.099609375,100,-0.001275984104457617,0.012788035917173857,21.22
2021-03-17,14721.2998046875,14956.5498046875,14696.0498046875,14946.5498046875,100,-0.012685759862868795,0.012193368418079036,19.76
2021-03-18,14557.849609375,14875.2001953125,14478.599609375,14855.5,542200,-0.011102973071742905,0.012228223487147518,19.85
2021-03-19,14744.0,14788.25,14350.099609375,14471.150390625,919200,0.012786942826028547,0.012391388823741632,20.25
2021-03-22,14736.400390625,14763.900390625,14597.849609375,14736.2998046875,459000,-0.000515437423697751,0.012384546947649129,20.23
2021-03-23,14814.75,14878.599609375,14707.0,14768.5498046875,474200,0.00531673999743143,0.012183027644640224,19.74
2021-03-24,14549.400390625,14752.349609375,14535.0,14712.4501953125,456400,-0.017911176994211853,0.012586096183786973,20.73
2021-03-25,14324.900390625,14575.599609375,14264.400390625,14570.900390625,606800,-0.015430189146808937,0.01284951354664094,21.37
2021-03-26,14507.2998046875,14572.900390625,14414.25,14506.2998046875,481000,0.012733031929623273,0.013073452322509897,21.92
2021-03-30,14845.099609375,14876.2998046875,14617.599609375,14628.5,594500,0.02328481586755049,0.01382999551074821,23.78
2021-03-31,14690.7001953125,14813.75,14670.25,14811.849609375,463900,-0.010400699094332388,0.013792046656815585,23.68
2021-04-01,14867.349609375,14883.2001953125,14692.4501953125,14798.400390625,445000,0.012024574166918489,0.014004198887652303,24.2
2021-04-05,14637.7998046875,14849.849609375,14459.5,14837.7001953125,509700,-0.015439860548026041,0.014216778637485704,24.72
2021-04-06,14683.5,14779.099609375,14573.900390625,14737.0,475300,0.003122067245233451,0.014208670896604268,24.7
2021-04-07,14819.0498046875,14879.7998046875,14649.849609375,14716.4501953125,0,0.009231436965811968,0.014237473055649458,24.77
2021-04-08,14873.7998046875,14984.150390625,14821.099609375,14875.650390625,514800,0.0036945688638336804,0.013731684124986472,23.53
2021-04-09,14834.849609375,14918.4501953125,14785.650390625,14882.650390625,504100,-0.0026187118170183377,0.013739818621568964,23.55
2021-04-12,14310.7998046875,14652.5,14248.7001953125,14644.650390625,650200,-0.03532558930400764,0.014761062518804123,26.06
2021-04-13,14504.7998046875,14528.900390625,14274.900390625,14364.900390625,605100,0.013556195506029933,0.014923678915705896,26.46
2021-04-15,14581.4501953125,14597.5498046875,14353.2001953125,14522.400390625,568000,0.005284484560774683,0.013279525722549248,22.43
2021-04-16,14617.849609375,14697.7001953125,14559.0,14599.599609375,577200,0.002496282165007191,0.01295067145195795,21.62
2021-04-19,14359.4501953125,14382.2998046875,14191.400390625,14306.599609375,512300,-0.017676978554819645,0.01315920883860944,22.13
2021-04-20,14296.400390625,14526.9501953125,14207.2998046875,14526.7001953125,467400,-0.004390823034999047,0.012424375507299546,20.33
2021-04-22,14406.150390625,14424.75,14151.400390625,14219.150390625,524600,0.007676757575422188,0.012434082480593273,20.35
2021-04-23,14341.349609375,14461.150390625,14273.2998046875,14326.349609375,498100,-0.004498133053794207,0.01235662943098069,20.16
2021-04-26,14485.0,14557.5,14421.2998046875,14449.4501953125,452700,0.010016518287169873,0.012521413083197498,20.57
2021-04-27,14653.0498046875,14667.5498046875,14484.849609375,14493.7998046875,451800,0.011601643402658013,0.012587608959359639,20.73
2021-04-28,14864.5498046875,14890.25,14694.9501953125,14710.5,457000,0.014433855260107098,0.012854690372707575,21.38
2021-04-29,14894.900390625,15044.349609375,14814.4501953125,14979.0,517500,0.0020418099664161193,0.012752204774264956,21.13
2021-04-30,14631.099609375,14855.4501953125,14601.7001953125,14747.349609375,613900,-0.017710812045177438,0.013097967047414762,21.98
2021-05-03,14634.150390625,14673.849609375,14416.25,14481.0498046875,448900,0.00020851346320172048,0.013098087822850307,21.98
2021-05-04,14496.5,14723.400390625,14461.5,14687.25,503400,-0.00940610742344028,0.013006585067192858,21.76
2021-05-05,14617.849609375,14637.900390625,14506.599609375,14604.150390625,455900,0.0083709591539336,0.012941369366074639,21.6
2021-05-06,14724.7998046875,14743.900390625,14611.5,14668.349609375,467800,0.0073164109749706,0.012795890815496046,21.24
2021-05-07,14823.150390625,14863.0498046875,14765.5,14816.849609375,488000,0.006679247748155426,0.012852492164541172,21.38
2021-05-10,14942.349609375,14966.900390625,14892.5,14928.25,522000,0.008041422748121585,0.012898884216295063,21.49
2021-05-11,14850.75,14900.0,14771.400390625,14789.7001953125,647400,-0.006130201191218876,0.012496281127861456,20.51
2021-05-12,14696.5,14824.0498046875,14649.7001953125,14823.5498046875,643800,-0.0103866808073666,0.012303401730717067,20.03
2021-05-14,14677.7998046875,14749.650390625,14591.900390625,14749.400390625,620700,-0.0012724250884564858,0.012104106536720073,19.54
2021-05-17,14923.150390625,14938.0,14725.349609375,14756.25,546400,0.01671576048197254,0.011730629400051533,18.63
2021-05-18,15108.099609375,15137.25,15043.7001953125,15067.2001953125,583900,0.012393443335275034,0.01175570383883682,18.69
2021-05-19,15030.150390625,15133.400390625,15008.849609375,15058.599609375,569100,-0.005159432408138875,0.011617928822996589,18.35
2021-05-20,14906.0498046875,15069.7998046875,14884.900390625,15042.599609375,480300,-0.00825677606093067,0.01135055218289901,17.7
2021-05-21,15175.2998046875,15190.0,14985.849609375,14987.7998046875,572900,0.01806313567497475,0.011781537943412551,18.75
2021-05-24,15197.7001953125,15256.25,15145.4501953125,15211.349609375,579800,0.001476108604989923,0.011683143713307887,18.51
2021-05-25,15208.4501953125,15293.849609375,15163.400390625,15291.75,441500,0.0007073438653115716,0.011671297396023296,18.48
2021-05-26,15301.4501953125,15319.900390625,15194.9501953125,15257.0498046875,384000,0.006115021504864648,0.011691776684861788,18.53
2021-05-27,15337.849609375,15384.5498046875,15272.5,15323.9501953125,0,0.002378821196545866,0.009453523151207085,13.05
2021-05-28,15435.650390625,15469.650390625,15394.75,15421.2001953125,468100,0.006376433707514062,0.00924887257993617,12.55
2021-05-31,15582.7998046875,15606.349609375,15374.0,15437.75,436000,0.009533088035724946,0.009331209473132932,12.75
2021-06-01,15574.849609375,15660.75,15528.2998046875,15629.650390625,409600,-0.0005101904286871628,0.00934470214703017,12.78
2021-06-02,15576.2001953125,15597.4501953125,15459.849609375,15520.349609375,428600,8.67158252806366e-05,0.008575660580830598,10.9
2021-06-03,15690.349609375,15705.099609375,15611.0,15655.5498046875,410200,0.0073284506253876724,0.00850578010103679,10.72
2021-06-04,15670.25,15733.599609375,15622.349609375,15712.5,414200,-0.001281017305247989,0.00849829068892947,10.71
2021-06-07,15751.650390625,15773.4501953125,15678.099609375,15725.099609375,394000,0.0051945814919991395,0.008393192034064315,10.45
2021-06-08,15740.099609375,15778.7998046875,15680.0,15773.900390625,378200,-0.0007333060957773752,0.008319767162576595,10.27
2021-06-09,15635.349609375,15800.4501953125,15566.900390625,15766.2998046875,457900,-0.006654976944212576,0.008322005395961712,10.27
2021-06-10,15737.75,15751.25,15648.5,15692.099609375,298300,0.0065492869160790335,0.008042072261626051,9.59
2021-06-11,15799.349609375,15835.5498046875,15749.7998046875,15796.4501953125,363000,0.003914130633349666,0.00805018415757792,9.61
2021-06-14,15811.849609375,15823.0498046875,15606.5,15791.400390625,392900,0.0007911718082738162,0.007146154724800251,7.39
2021-06-15,15869.25,15901.599609375,15842.400390625,15866.9501953125,323300,0.003630213545097627,0.0071337172921064115,7.36
2021-06-16,15767.5498046875,15880.849609375,15742.599609375,15847.5,340200,-0.006408632752808119,0.00697716380474529,6.98
2021-06-17,15691.400390625,15769.349609375,15616.75,15648.2998046875,357600,-0.0048295020472909345,0.007031635166065793,7.11
2021-06-18,15683.349609375,15761.5,15450.900390625,15756.5,640800,-0.000513069646403852,0.006987602180362758,7.0
2021-06-21,15746.5,15765.150390625,15505.650390625,15525.849609375,351500,0.004026588209654625,0.006944675078030856,6.9
2021-06-22,15772.75,15895.75,15752.099609375,15840.5,322200,0.0016670371193598932,0.006851600083444157,6.67
2021-06-23,15686.9501953125,15862.9501953125,15673.9501953125,15862.7998046875,287500,-0.005439749231269109,0.006825057631584185,6.6
2021-06-24,15790.4501953125,15821.400390625,15702.7001953125,15737.2998046875,316700,0.006597840798329813,0.006470220889765119,5.73
2021-06-25,15860.349609375,15870.7998046875,15772.2998046875,15839.349609375,314600,0.0044266891189239654,0.006441788154783442,5.66
2021-06-28,15814.7001953125,15915.650390625,15792.150390625,15915.349609375,255100,-0.0028782098242977616,0.005935291789541485,4.42
2021-06-29,15748.4501953125,15835.900390625,15724.0498046875,15807.5,360300,-0.0041891404314852165,0.005696827013917615,3.84
2021-06-30,15721.5,15839.099609375,15708.75,15776.900390625,262400,-0.0017112919035373597,0.005593768005360713,3.59
2021-07-01,15680.0,15755.5498046875,15667.0498046875,15755.0498046875,224900,-0.002639697229908089,0.005343822124515551,2.97
2021-07-02,15722.2001953125,15738.349609375,15635.9501953125,15705.849609375,254800,0.002691338986766656,0.004369038627829302,0.58
2021-07-05,15834.349609375,15845.9501953125,15762.0498046875,15793.400390625,207000,0.007133188273225066,0.00450187145260993,0.91
2021-07-06,15818.25,15914.2001953125,15801.0,15813.75,391400,-0.0010167521731027085,0.004521697604011935,0.96
2021-07-07,15879.650390625,15893.5498046875,15779.7001953125,15819.599609375,329300,0.0038816171589777237,0.004457985200243619,0.8
2021-07-08,15727.900390625,15885.75,15682.900390625,15855.400390625,307900,-0.0095562557277451,0.004867236716709688,1.8
2021-07-09,15689.7998046875,15730.849609375,15632.75,15688.25,243200,-0.0024224839292732447,0.00478711339091877,1.61
2021-07-12,15692.599609375,15789.2001953125,15644.75,15766.7998046875,216300,0.00017844744498685117,0.004476786677019726,0.85
2021-07-13,15812.349609375,15820.7998046875,15744.599609375,15794.0,246700,0.007630985495128417,0.004672000962091297,1.33
2021-07-14,15853.9501953125,15877.349609375,15764.2001953125,15808.7001953125,0,0.0026308921169333477,0.004687022787310497,1.36
2021-07-15,15924.2001953125,15952.349609375,15855.0,15872.150390625,284900,0.004431072328003882,0.00457203728202753,1.08
2021-07-16,15923.400390625,15962.25,15882.599609375,15958.349609375,276300,-5.0225736783704455e-05,0.004560982071014097,1.05
2021-07-19,15752.400390625,15836.900390625,15707.5,15754.5,242100,-0.010738912280361723,0.004914792407968528,1.92
2021-07-20,15632.099609375,15728.4501953125,15578.5498046875,15703.9501953125,274300,-0.0076369809214345,0.005108750807903869,2.4
2021-07-22,15824.0498046875,15834.7998046875,15726.400390625,15736.599609375,265300,0.012279233123449584,0.0054444943099860735,3.22
2021-07-23,15856.0498046875,15899.7998046875,15768.400390625,15856.7998046875,294100,0.002022238326785386,0.0053301266115354075,2.94
2021-07-26,15824.4501953125,15893.349609375,15797.0,15849.2998046875,267100,-0.0019929055322251976,0.0052996328198457975,2.86
2021-07-27,15746.4501953125,15881.5498046875,15701.0,15860.5,311000,-0.004929081202650898,0.005375028493254691,3.05
2021-07-28,15709.400390625,15767.5,15513.4501953125,15761.5498046875,318600,-0.002352898858342667,0.005341817548421896,2.97
2021-07-29,15778.4501953125,15817.349609375,15737.7998046875,15762.7001953125,401600,0.004395444954646832,0.005281283475512967,2.82
2021-07-30,15763.0498046875,15862.7998046875,15744.849609375,15800.599609375,400000,-0.000976039499086867,0.0052051661003241715,2.63
2021-08-02,15885.150390625,15892.900390625,15834.650390625,15874.900390625,244800,0.007746000136419795,0.005383427661946231,3.07
2021-08-03,16130.75,16146.900390625,15914.349609375,15951.5498046875,341300,0.015460955882416139,0.006013945747481906,4.62
2021-08-04,16258.7998046875,16290.2001953125,16176.150390625,16195.25,427300,0.007938242467802281,0.00615176459596788,4.95
2021-08-05,16294.599609375,16349.4501953125,16210.2998046875,16288.9501953125,418200,0.0022018725316477195,0.006031652896483501,4.66
2021-08-06,16238.2001953125,16336.75,16223.2998046875,16304.400390625,320100,-0.003461233501561467,0.006005673645549153,4.59
2021-08-09,16258.25,16320.75,16179.0498046875,16281.349609375,240500,0.0012347307242392969,0.005970122792909656,4.51
2021-08-10,16280.099609375,16359.25,16202.25,16274.7998046875,288000,0.0013439090538649445,0.0059289876243372105,4.41
2021-08-11,16282.25,16338.75,16162.5498046875,16327.2998046875,277900,0.00013208706805212245,0.005850947660027111,4.22
2021-08-12,16364.400390625,16375.5,16286.900390625,16303.650390625,280200,0.005045395484346349,0.005867894346798614,4.26
2021-08-13,16529.099609375,16543.599609375,16376.2998046875,16385.69921875,321900,0.010064482340847336,0.006026063348108745,4.64
2021-08-16,16563.05078125,16589.400390625,16480.75,16518.400390625,254000,0.002054024277023725,0.006023851623184632,4.64
2021-08-17,16614.599609375,16628.55078125,16495.400390625,16545.25,297400,0.0031122785775283823,0.00594428406351483,4.44
2021-08-18,16568.849609375,16701.849609375,16535.849609375,16691.94921875,251800,-0.00275360231817956,0.00597922282978606,4.53
2021-08-20,16450.5,16509.55078125,16376.0498046875,16382.5,350800,-0.007142898400624986,0.006167670244701506,4.99
2021-08-23,16496.44921875,16592.5,16395.69921875,16592.25,275600,0.0027931806783987323,0.005828034715752931,4.16
2021-08-24,16624.599609375,16647.099609375,16495.30078125,16561.400390625,275400,0.007768362083601765,0.0058817613141725405,4.29
2021-08-25,16634.650390625,16712.44921875,16617.5,16654.0,265900,0.0006045728309951315,0.00587785471943007,4.28
2021-08-26,16636.900390625,16683.69921875,16603.400390625,16627.94921875,253500,0.00013525983096518424,0.00578717493800006,4.06
2021-08-27,16705.19921875,16722.05078125,16565.599609375,16642.55078125,217400,0.004105261588480014,0.0058014901534178915,4.09
2021-08-30,16931.05078125,16951.5,16764.849609375,16775.849609375,283500,0.013519836521704187,0.006171252772546069,5.0
2021-08-31,17132.19921875,17153.5,16915.849609375,16947.5,464400,0.011880446175423387,0.006410100784052405,5.59
2021-09-01,17076.25,17225.75,17055.05078125,17185.599609375,301900,-0.00326573477436376,0.006012277595130074,4.61
2021-09-02,17234.150390625,17245.5,17059.69921875,17095.400390625,242400,0.009246783727399066,0.005796594397041236,4.08
2021-09-03,17323.599609375,17340.099609375,17212.19921875,17262.44921875,261400,0.005190230833697296,0.005556334214765072,3.49
2021-09-06,17377.80078125,17429.55078125,17345.55078125,17399.349609375,228000,0.0031287476677577253,0.0055530348497101496,3.49
2021-09-07,17362.099609375,17436.5,17287.0,17401.55078125,243400,-0.0009035189246697772,0.005522233092561663,3.41
2021-09-08,17353.5,17383.400390625,17254.19921875,17375.75,252700,-0.0004953092983268625,0.005356490707896693,3.0
2021-09-09,17369.25,17379.650390625,17302.69921875,17312.849609375,241500,0.0009075978909154347,0.005271109509720451,2.79
2021-09-13,17355.30078125,17378.349609375,17269.150390625,17363.55078125,241100,-0.000803098507419775,0.005321345876335997,2.92
2021-09-14,17380.0,17438.55078125,17367.05078125,17420.349609375,230400,0.001423151293159064,0.005274338949300943,2.8
2021-09-15,17519.44921875,17532.69921875,17386.900390625,17387.650390625,388200,0.00802354538262362,0.005282690881016223,2.82
2021-09-16,17629.5,17644.599609375,17510.44921875,17539.19921875,503300,0.006281634763507293,0.0047964718788750735,1.63
2021-09-17,17585.150390625,17792.94921875,17537.650390625,17709.650390625,508300,-0.002515647600612625,0.004803342065321573,1.65
2021-09-20,17396.900390625,17622.75,17361.80078125,17443.849609375,339100,-0.010705054879733056,0.005385615036633992,3.07
2021-09-21,17562.0,17578.349609375,17326.099609375,17450.5,363600,0.00949017386246398,0.005435166697189467,3.2
2021-09-22,17546.650390625,17610.44921875,17524.0,17580.900390625,295200,-0.0008740239935656202,0.005467374613411189,3.28
2021-09-23,17822.94921875,17843.900390625,17646.55078125,17670.849609375,320500,0.015746528367181822,0.005966492989549316,4.5
2021-09-24,17853.19921875,17947.650390625,17819.400390625,17897.44921875,360100,0.0016972499684944076,0.005947001664805509,4.45
2021-09-27,17855.099609375,17943.5,17802.900390625,17932.19921875,295700,0.00010644538279747096,0.005959410589028024,4.48
2021-09-28,17748.599609375,17912.849609375,17576.099609375,17906.44921875,398000,-0.0059646824901542495,0.006015750042280096,4.62
2021-09-29,17711.30078125,17781.75,17608.150390625,17657.94921875,562200,-0.0021015082285871234,0.006071410605316132,4.76
2021-09-30,17618.150390625,17742.150390625,17585.349609375,17718.900390625,378600,-0.005259376020738893,0.006221170321835171,5.12
2021-10-01,17532.05078125,17557.150390625,17452.900390625,17531.900390625,305800,-0.004886983449795879,0.00628891564955763,5.29
2021-10-04,17691.25,17750.900390625,17581.349609375,17615.55078125,295800,0.009080467581137563,0.0061807078065709824,5.02
2021-10-05,17822.30078125,17833.44921875,17640.900390625,17661.349609375,427000,0.007407660919946268,0.006246734090962683,5.19
2021-10-06,17646.0,17884.599609375,17613.150390625,17861.5,395800,-0.009892144870289554,0.006566733579803472,5.97
2021-10-07,17790.349609375,17857.55078125,17763.80078125,17810.55078125,419900,0.008180302016037588,0.006655870507781453,6.19
2021-10-08,17895.19921875,17941.849609375,17840.349609375,17886.849609375,324100,0.005893622760496431,0.0066754021373148665,6.24
2021-10-11,17945.94921875,18041.94921875,17839.099609375,17867.55078125,375800,0.0028359561343596074,0.006668599219584828,6.22
2021-10-12,17991.94921875,18008.650390625,17864.94921875,17915.80078125,355600,0.0025632525445875576,0.006330776636765834,5.39
2021-10-13,18161.75,18197.80078125,18050.75,18097.849609375,506700,0.00943759784921161,0.006214581577512807,5.11
2021-10-14,18338.55078125,18350.75,18248.69921875,18272.849609375,538700,0.009734787740718787,0.006290014653161663,5.29
2021-10-18,18477.05078125,18543.150390625,18445.30078125,18500.099609375,469900,0.007552396132719963,0.006233763442067482,5.15
2021-10-19,18418.75,18604.44921875,18377.69921875,18602.349609375,368200,-0.003155307734996393,0.006288281092163997,5.29
2021-10-20,18266.599609375,18458.30078125,18209.349609375,18439.900390625,371300,-0.008260625212080042,0.006559760155990623,5.95
2021-10-21,18178.099609375,18384.19921875,18048.0,18382.69921875,365900,-0.004844908296702255,0.006652205517873875,6.18
2021-10-22,18114.900390625,18314.25,18034.349609375,18230.69921875,324700,-0.003476668084567369,0.006705920541616194,6.31
2021-10-25,18125.400390625,18241.400390625,17968.5,18229.5,418700,0.000579633328010587,0.0067071093692634655,6.31
2021-10-26,18268.400390625,18310.44921875,18099.30078125,18154.5,341400,0.007889480889700096,0.006793924998876432,6.53
2021-10-27,18210.94921875,18342.05078125,18167.900390625,18295.849609375,335200,-0.0031448386638428527,0.006852047052735779,6.67
2021-10-28,17857.25,18190.69921875,17799.44921875,18187.650390625,374200,-0.0194223384240636,0.007737214910528896,8.84
2021-10-29,17671.650390625,17915.849609375,17613.099609375,17833.05078125,336500,-0.010393515763905459,0.007916746761506669,9.28
2021-11-01,17929.650390625,17954.099609375,17697.099609375,17783.150390625,281200,0.014599655057507821,0.008327075664847361,10.29
2021-11-02,17888.94921875,18012.25,17847.599609375,17970.900390625,296400,-0.002270048271341696,0.008067751274505555,9.65
2021-11-03,17829.19921875,17988.75,17757.94921875,17947.94921875,331000,-0.0033400508475575075,0.007939100936474399,9.33
2021-11-04,17916.80078125,17947.55078125,17900.599609375,17935.05078125,48500,0.004913376165984751,0.007973946994393603,9.42
2021-11-08,18068.55078125,18087.80078125,17836.099609375,18040.19921875,338900,0.008469704042186388,0.0076033727247479446,8.51
2021-11-09,18044.25,18112.599609375,17983.05078125,18084.349609375,270200,-0.001344921435271762,0.007606923466448501,8.52
2021-11-10,18017.19921875,18061.25,17915.0,17973.44921875,261400,-0.0014991358050348014,0.007614579695022031,8.54
2021-11-11,17873.599609375,17971.349609375,17798.19921875,17967.44921875,232100,-0.007970140510272006,0.007680260356359952,8.7
2021-11-12,18102.75,18123.0,17905.900390625,17977.599609375,249100,0.012820606684330382,0.007998492071278155,9.48
2021-11-15,18109.44921875,18210.150390625,18071.30078125,18140.94921875,280400,0.0003700663573213969,0.007918037315809506,9.28
2021-11-16,17999.19921875,18132.650390625,17958.80078125,18127.05078125,267400,-0.006087981951756416,0.00795151908625226,9.37
2021-11-17,17898.650390625,18022.650390625,17879.25,17939.349609375,295700,-0.005586294529162039,0.007882270462433455,9.2
2021-11-18,17764.80078125,17945.599609375,17688.5,17890.55078125,278400,-0.007478195643460861,0.007895661682957002,9.23
2021-11-22,17416.55078125,17805.25,17280.44921875,17796.25,356400,-0.019603372100156835,0.008488715576225844,10.68
2021-11-23,17503.349609375,17553.69921875,17216.099609375,17281.75,308800,0.004983697932798847,0.008396847531267461,10.46
2021-11-24,17415.05078125,17600.599609375,17354.0,17550.05078125,298100,-0.0050446817378146935,0.00834663033285777,10.33
2021-11-25,17536.25,17564.349609375,17351.69921875,17417.30078125,255900,0.006959452503032093,0.008443198359568646,10.57
2021-11-26,17026.44921875,17355.400390625,16985.69921875,17338.75,356300,-0.029071254187753914,0.009871674142231281,14.07
2021-11-29,17053.94921875,17160.69921875,16782.400390625,17055.80078125,348900,0.0016151341742889347,0.009666068065513268,13.57
2021-11-30,16983.19921875,17324.650390625,16931.400390625,17051.150390625,498000,-0.004148599194972014,0.009411375018087476,12.94
2021-12-01,17166.900390625,17213.05078125,17064.25,17104.400390625,295500,0.01081664117042136,0.009549611473239602,13.28
2021-12-02,17401.650390625,17420.349609375,17149.30078125,17183.19921875,279900,0.013674571102433752,0.00998823080404005,14.36
2021-12-03,17196.69921875,17489.80078125,17180.80078125,17424.900390625,292500,-0.01177768586739425,0.010086310845532527,14.6
2021-12-06,16912.25,17216.75,16891.69921875,17209.05078125,231700,-0.01654091957599968,0.010422103706244811,15.42
2021-12-07,17176.69921875,17251.650390625,16987.75,17044.099609375,254100,0.015636548581649423,0.010923034017957241,16.65
2021-12-08,17469.75,17484.599609375,17308.94921875,17315.25,257800,0.017060948527881648,0.011444354052058445,17.93
2021-12-09,17516.849609375,17543.25,17379.599609375,17524.400390625,237200,0.002696066593683266,0.011341503796018209,17.68
2021-12-10,17511.30078125,17534.349609375,17405.25,17476.05078125,204500,-0.00031677089480919296,0.011337711044143634,17.67
2021-12-13,17368.25,17639.5,17355.94921875,17619.099609375,256600,-0.008169055116863166,0.01089292686843851,16.58
2021-12-14,17324.900390625,17376.19921875,17225.80078125,17283.19921875,271000,-0.002495911181322197,0.010749255146047267,16.22
2021-12-15,17221.400390625,17351.19921875,17192.19921875,17323.650390625,215000,-0.005974060321640162,0.010396308254946427,15.36
2021-12-16,17248.400390625,17379.349609375,17184.94921875,17373.0,219500,0.0015678167505297491,0.01040744057873284,15.39
2021-12-17,16985.19921875,17298.150390625,16966.44921875,17276.0,354600,-0.01525945397337003,0.010716382608265025,16.14
2021-12-20,16614.19921875,16840.099609375,16410.19921875,16824.25,330600,-0.021842546279377872,0.011258756222490143,17.47
2021-12-21,16770.849609375,16936.400390625,16688.25,16773.150390625,241000,0.00942870544420904,0.01129214519340117,17.55
2021-12-22,16955.44921875,16971.0,16819.5,16865.55078125,207900,0.011007170994593363,0.011554809711923542,18.2
2021-12-23,17072.599609375,17118.650390625,17015.55078125,17066.80078125,197000,0.006909306212627531,0.011668985568668213,18.48
2021-12-24,17003.75,17155.599609375,16909.599609375,17149.5,182600,-0.004032754879180422,0.01161838185649544,18.35
2021-12-27,17086.25,17112.05078125,16833.19921875,16937.75,144800,0.004851870910828504,0.01136576138115975,17.73
2021-12-28,17233.25,17250.25,17161.150390625,17177.599609375,176000,0.008603409174043453,0.011519868667058352,18.11
2021-12-29,17213.599609375,17285.94921875,17176.650390625,17220.099609375,161700,-0.0011402602889762914,0.011488586979054789,18.04
2021-12-30,17203.94921875,17264.05078125,17146.349609375,17201.44921875,320800,-0.0005606259494814747,0.011462387527595125,17.97
2021-12-31,17354.05078125,17400.80078125,17238.5,17244.5,167000,0.008724831757606522,0.011540506631121796,18.16
2022-01-03,17625.69921875,17646.650390625,17383.30078125,17387.150390625,200500,0.015653315812207858,0.011344165868499055,17.68
2022-01-04,17805.25,17827.599609375,17593.55078125,17681.400390625,247400,0.01018687423526421,0.011454939473028173,17.95
2022-01-05,17925.25,17944.69921875,17748.849609375,17820.099609375,251500,0.0067395852346920915,0.011455546460103215,17.96
2022-01-06,17745.900390625,17797.94921875,17655.55078125,17768.5,236500,-0.010005417462796928,0.011570734229685225,18.24
2022-01-07,17812.69921875,17905.0,17704.55078125,17797.599609375,239300,0.003764183651131514,0.01014613323570739,14.75
2022-01-10,18003.30078125,18017.44921875,17879.150390625,17913.30078125,232400,0.010700318921871732,0.010282634468943525,15.08
2022-01-11,18055.75,18081.25,17964.400390625,17997.75,220200,0.002913311252602302,0.010221019837519179,14.93
2022-01-12,18212.349609375,18227.94921875,18128.80078125,18170.400390625,245000,0.008673115731830494,0.01016528115736806,14.79
2022-01-13,18257.80078125,18272.25,18163.80078125,18257.0,303700,0.0024956237305924223,0.009925487663323839,14.2
2022-01-14,18255.75,18286.94921875,18119.650390625,18185.0,229500,-0.00011232356375068253,0.009604619544182721,13.42
2022-01-17,18308.099609375,18321.55078125,18228.75,18235.650390625,266700,0.0028675682661627455,0.00894068338650289,11.79
2022-01-18,18113.05078125,18350.94921875,18085.900390625,18337.19921875,227500,-0.010653690567923424,0.00891591968140958,11.73
2022-01-19,17938.400390625,18129.19921875,17884.900390625,18129.19921875,276700,-0.00964224043394124,0.00867035225848557,11.13
2022-01-20,17757.0,17943.69921875,17648.44921875,17921.0,258100,-0.010112406160797005,0.008892359042609422,11.67
2022-01-21,17617.150390625,17707.599609375,17485.849609375,17613.69921875,277600,-0.007875745304668613,0.009022219051419122,11.99
2022-01-24,17149.099609375,17599.400390625,16997.849609375,17575.150390625,323800,-0.02656790518738339,0.010166363081894576,14.79
2022-01-25,17277.94921875,17309.150390625,16836.80078125,17001.55078125,326500,0.007513491221694313,0.010258121234130595,15.02
2022-01-27,17110.150390625,17182.5,16866.75,17062.0,395600,-0.00971173291462768,0.010354927876909746,15.26
2022-01-28,17101.94921875,17373.5,17077.099609375,17208.30078125,355300,-0.0004793161771092791,0.010349866591712038,15.24
2022-01-31,17339.849609375,17410.0,17264.150390625,17301.05078125,321700,0.0139107178709299,0.010259240545141593,15.02
2022-02-01,17576.849609375,17622.400390625,17244.55078125,17529.44921875,386400,0.013667938611870323,0.009590620947830938,13.38
2022-02-02,17780.0,17794.599609375,17674.80078125,17706.19921875,271200,0.011557838585399605,0.009655728810686071,13.54
2022-02-03,17560.19921875,17781.150390625,17511.150390625,17767.75,226600,-0.012362248664229525,0.00984441160498432,14.01
2022-02-04,17516.30078125,17617.80078125,17462.55078125,17590.19921875,261400,-0.0024998826581151823,0.009806580474947748,13.91
2022-02-07,17213.599609375,17536.75,17119.400390625,17456.30078125,265000,-0.017281112927623465,0.010321272525981109,15.17
2022-02-08,17266.75,17306.44921875,17043.650390625,17279.849609375,268500,0.0030876976246183574,0.010300395198408419,15.12
2022-02-09,17463.80078125,17477.150390625,17339.0,17370.099609375,236400,0.01141215233034587,0.010389889685249738,15.34
2022-02-10,17605.849609375,17639.44921875,17427.150390625,17554.099609375,273600,0.008133901085124018,0.010477147068564861,15.56
2022-02-11,17374.75,17454.75,17303.0,17451.0,253100,-0.01312629691281364,0.010780394723916604,16.3
2022-02-14,16842.80078125,17099.5,16809.650390625,17076.150390625,305500,-0.03061622289529342,0.012049153490526687,19.41
2022-02-15,17352.44921875,17375.0,16839.25,16933.25,298700,0.03025912638397754,0.012999731428492508,21.74
2022-02-16,17322.19921875,17490.599609375,17257.69921875,17408.44921875,244500,-0.0017432697608654735,0.012845032083878235,21.36
2022-02-17,17304.599609375,17442.900390625,17235.849609375,17396.55078125,232100,-0.001016014719190439,0.012765094807149848,21.17
2022-02-18,17276.30078125,17380.80078125,17219.19921875,17236.05078125,189600,-0.0016353356196504576,0.012654619190005628,20.89
2022-02-21,17206.650390625,17351.05078125,17070.69921875,17192.25,215200,-0.004031556958107085,0.012637354046897744,20.85
2022-02-22,17092.19921875,17148.55078125,16843.80078125,16847.94921875,300100,-0.006651566067580439,0.012475844453955422,20.46
2022-02-23,17063.25,17220.69921875,17027.849609375,17194.5,200200,-0.0016937094155936583,0.012446001914649714,20.38
2022-02-24,16247.9501953125,16705.25,16203.25,16548.900390625,458000,-0.04778103847083648,0.01484360018495926,26.26
2022-02-25,16658.400390625,16748.80078125,16478.30078125,16515.650390625,329800,0.025261660109649586,0.01572641410160894,28.42
2022-02-28,16793.900390625,16815.900390625,16356.2998046875,16481.599609375,404200,0.008134034290366632,0.015848965542185314,28.73
2022-03-02,16605.94921875,16678.5,16478.650390625,16593.099609375,517700,-0.011191633122935585,0.01588782293079955,28.82
2022-03-03,16498.05078125,16768.94921875,16442.94921875,16723.19921875,442100,-0.00649757722841704,0.015837948311637328,28.7
2022-03-04,16245.349609375,16456.0,16133.7998046875,16339.4501953125,456100,-0.015317032007332254,0.01595365445903725,28.98
2022-03-07,15863.150390625,15944.599609375,15711.4501953125,15867.9501953125,585400,-0.02352668473994779,0.016338146896202995,29.92
2022-03-08,16013.4501953125,16028.75,15671.4501953125,15747.75,543600,0.009474776509483585,0.01648878539078059,30.29
2022-03-09,16345.349609375,16418.05078125,15990.0,16078.0,462200,0.020726290088294297,0.016422866447213674,30.13
2022-03-10,16594.900390625,16757.30078125,16447.900390625,16757.099609375,486400,0.01526738719047449,0.016628806165192207,30.64
2022-03-11,16630.44921875,16694.400390625,16470.900390625,16528.80078125,343700,0.0021421537513466316,0.016560492625948137,30.47
2022-03-14,16871.30078125,16887.94921875,16606.5,16633.69921875,314700,0.014482565042708062,0.016794553058559005,31.04
2022-03-15,16663.0,16927.75,16555.0,16900.650390625,381600,-0.012346456503312231,0.016711602204829232,30.84
2022-03-16,16975.349609375,16987.900390625,16837.849609375,16876.650390625,260000,0.018745100484606647,0.016891995515970232,31.28
2022-03-17,17287.05078125,17344.599609375,17175.75,17202.900390625,448300,0.018361988356508263,0.017110973536538426,31.82
2022-03-21,17117.599609375,17353.349609375,17096.400390625,17329.5,285500,-0.009802202470463706,0.01705759353794773,31.69
2022-03-22,17315.5,17334.400390625,17006.30078125,17120.400390625,338300,0.011561223252155806,0.01719928114651104,32.04
2022-03-23,17245.650390625,17442.400390625,17199.599609375,17405.05078125,292100,-0.0040339354552280104,0.016914383260896365,31.34
2022-03-24,17222.75,17291.75,17091.150390625,17094.94921875,290300,-0.0013278937068936791,0.016907610868712734,31.32
2022-03-25,17153.0,17294.900390625,17076.55078125,17289.0,237100,-0.004049875890900112,0.01678466144654975,31.02
2022-03-28,17222.0,17235.099609375,17003.900390625,17181.849609375,253200,0.004022619949862971,0.016728754740285675,30.88
2022-03-29,17325.30078125,17343.650390625,17235.69921875,17297.19921875,235100,0.005998187274997013,0.01659877198158412,30.56
2022-03-30,17498.25,17522.5,17387.19921875,17468.150390625,505000,0.009982465582194733,0.015640610179500004,28.21
2022-03-31,17464.75,17559.80078125,17435.19921875,17519.19921875,281100,-0.001914477162001882,0.01466567493964146,25.82
2022-04-01,17670.44921875,17703.69921875,17422.69921875,17436.900390625,291800,0.011777965258592316,0.014807165328891347,26.17
2022-04-04,18053.400390625,18114.650390625,17791.400390625,17809.099609375,345500,0.021671841339984343,0.015284451147900984,27.34
2022-04-05,17957.400390625,18095.44921875,17921.55078125,18080.599609375,283500,-0.005317557796472028,0.015325451481477863,27.44
2022-04-06,17807.650390625,17901.0,17779.849609375,17842.75,328800,-0.008339180323571727,0.01539814388819101,27.62
2022-04-07,17639.55078125,17787.5,17623.69921875,17723.30078125,308800,-0.00943974110495216,0.015455852909195903,27.76
2022-04-08,17784.349609375,17842.75,17600.55078125,17698.150390625,274400,0.008208759390795572,0.015498318413319268,27.87
2022-04-11,17674.94921875,17779.05078125,17650.94921875,17740.900390625,251700,-0.006151497975913078,0.012509416632525494,20.54
2022-04-12,17530.30078125,17595.30078125,17442.349609375,17584.849609375,266000,-0.008183810641252287,0.011923066928402608,19.1
2022-04-13,17475.650390625,17663.650390625,17457.400390625,17599.900390625,245100,-0.0031174816283502382,0.0118929220251931,19.03
2022-04-18,17173.650390625,17237.75,17067.849609375,17183.44921875,376100,-0.017281188010147552,0.012164041725749117,19.69
2022-04-19,16958.650390625,17275.650390625,16824.69921875,17258.94921875,401400,-0.012519178806467801,0.012343668359650043,20.13
2022-04-20,17136.55078125,17186.900390625,16978.94921875,17045.25,286100,0.010490244596548015,0.01206399358671493,19.45
2022-04-21,17392.599609375,17414.69921875,17215.5,17234.599609375,285200,0.014941678252146096,0.01129324943185554,17.56
2022-04-22,17171.94921875,17315.30078125,17149.19921875,17242.75,262700,-0.012686452605167986,0.0115852366128892,18.27
2022-04-25,16953.94921875,17054.30078125,16888.69921875,17009.05078125,275700,-0.012695122564301942,0.01136661722269249,17.74
2022-04-26,17200.80078125,17223.849609375,17064.44921875,17121.30078125,261100,0.014560121616207233,0.01133730468841793,17.67
2022-04-27,17038.400390625,17110.69921875,16958.44921875,17073.349609375,265100,-0.009441443610115341,0.011502210018147184,18.07
2022-04-28,17245.05078125,17322.5,17071.05078125,17189.5,312900,0.012128508890934642,0.011413846078296352,17.85
2022-04-29,17102.55078125,17377.650390625,17053.25,17329.25,336200,-0.008263240381694681,0.011275257331394421,17.51
2022-05-02,17069.099609375,17092.25,16917.25,16924.44921875,278200,-0.0019559171203674675,0.010769463504644831,16.27
2022-05-04,16677.599609375,17132.849609375,16623.94921875,17096.599609375,310600,-0.022936183451936376,0.011009864729924494,16.86
2022-05-05,16682.650390625,16945.69921875,16651.849609375,16854.75,265800,0.00030284821366977077,0.010889542716584833,16.57
2022-05-06,16411.25,16484.19921875,16340.900390625,16415.55078125,300500,-0.0162684216398562,0.010985136803181387,16.8
2022-05-09,16301.849609375,16403.69921875,16142.099609375,16227.7001953125,288400,-0.006666182687180999,0.011014663428306353,16.87
2022-05-10,16240.0498046875,16404.55078125,16197.2998046875,16248.900390625,283100,-0.003790968888092272,0.011020080791779309,16.89
2022-05-11,16167.099609375,16318.75,15992.599609375,16270.0498046875,284300,-0.0044919933245182175,0.011023353220797023,16.9
2022-05-12,15808.0,16041.9501953125,15735.75,16021.099609375,314900,-0.022211752141785834,0.011563629219409621,18.22
2022-05-13,15782.150390625,16083.599609375,15740.849609375,15977.0,369100,-0.0016352232651188903,0.011447049459142796,17.93
2022-05-16,15842.2998046875,15977.9501953125,15739.650390625,15845.099609375,217600,0.0038112305721171857,0.01125883723173838,17.47
2022-05-17,16259.2998046875,16284.25,15900.7998046875,15912.599609375,295700,0.026321935902047233,0.0124873150757677,20.48
2022-05-18,16240.2998046875,16399.80078125,16211.2001953125,16318.150390625,290400,-0.0011685620062508173,0.012204308084880256,19.79
2022-05-19,15809.400390625,15984.75,15775.2001953125,15917.400390625,313900,-0.026532725334179386,0.012052118385272826,19.42
2022-05-20,16266.150390625,16283.0498046875,16003.849609375,16043.7998046875,252400,0.028891038794289337,0.01348944023251595,22.94
2022-05-23,16214.7001953125,16414.69921875,16185.75,16290.9501953125,293800,-0.0031630222318707046,0.013454551103984708,22.86
2022-05-24,16125.150390625,16262.7998046875,16078.599609375,16225.5498046875,249800,-0.005522754266735541,0.013409148261997437,22.74
2022-05-25,16025.7998046875,16223.349609375,16006.9501953125,16196.349609375,243300,-0.006161219184365629,0.013254374202631316,22.36
2022-05-26,16170.150390625,16204.4501953125,15903.7001953125,16105.0,314300,0.009007387318995308,0.01343281849224417,22.8
2022-05-27,16352.4501953125,16370.599609375,16221.9501953125,16296.599609375,274100,0.011273847198922216,0.013635840701194417,23.3
2022-05-30,16661.400390625,16695.5,16506.150390625,16527.900390625,251400,0.018893205092962884,0.014167989359116935,24.6
2022-05-31,16584.55078125,16690.75,16521.900390625,16578.44921875,651600,-0.004612433983534836,0.013866758215767057,23.87
2022-06-01,16522.75,16649.19921875,16438.849609375,16594.400390625,249600,-0.0037264067061659745,0.013708440221405896,23.48
2022-06-02,16628.0,16646.400390625,16443.05078125,16481.650390625,236000,0.006370004993115463,0.013611965098432832,23.24
2022-06-03,16584.30078125,16793.849609375,16567.900390625,16761.650390625,245500,-0.002628050201467391,0.013280161747133125,22.43
2022-06-06,16569.55078125,16610.94921875,16444.55078125,16530.69921875,233600,-0.0008893953501298846,0.013111082003451817,22.01
2022-06-07,16416.349609375,16487.25,16347.099609375,16469.599609375,233800,-0.009245946006475991,0.01302076970787222,21.79
2022-06-08,16356.25,16514.30078125,16293.349609375,16474.94921875,243500,-0.0036609606157923524,0.012691119447606647,20.98
2022-06-09,16478.099609375,16492.80078125,16243.849609375,16263.849609375,205000,0.00744972774168895,0.012705875891598674,21.02
2022-06-10,16201.7998046875,16324.7001953125,16172.599609375,16283.9501953125,189700,-0.016767698414100085,0.012768610580421166,21.17
2022-06-13,15774.400390625,15886.150390625,15684.0,15877.5498046875,225500,-0.026379749115209128,0.013483470809316209,22.93
2022-06-14,15732.099609375,15858.0,15659.4501953125,15674.25,225400,-0.00268160945598539,0.013482920570003741,22.93
2022-06-15,15692.150390625,15783.650390625,15678.900390625,15729.25,183000,-0.0025393443813560568,0.012926284312068189,21.56
2022-06-16,15360.599609375,15863.150390625,15335.099609375,15832.25,264700,-0.021128447854290244,0.013381811146257298,22.68
2022-06-17,15293.5,15400.400390625,15183.400390625,15272.650390625,342600,-0.00436829362663993,0.013138736015570739,22.08
2022-06-20,15350.150390625,15382.5,15191.099609375,15334.5,260000,0.0037042135956451006,0.013155363949193389,22.12
2022-06-21,15638.7998046875,15707.25,15419.849609375,15455.9501953125,262800,0.018804337854487096,0.013680844469176957,23.41
2022-06-22,15413.2998046875,15565.400390625,15385.9501953125,15545.650390625,220900,-0.014419265085317434,0.013882630807136694,23.9
2022-06-23,15556.650390625,15628.4501953125,15367.5,15451.5498046875,259200,0.009300447519609234,0.013446562765831565,22.84
2022-06-24,15699.25,15749.25,15619.4501953125,15657.400390625,219600,0.009166472588529428,0.013557800529930488,23.11
2022-06-27,15832.0498046875,15927.4501953125,15815.5,15926.2001953125,210900,0.008458990377725017,0.013630240121393092,23.29
2022-06-28,15850.2001953125,15892.099609375,15710.150390625,15757.4501953125,251900,0.0011464333961117568,0.012701474989259259,21.01
2022-06-29,15799.099609375,15861.599609375,15687.7998046875,15701.7001953125,444900,-0.0032239710103227903,0.012709234707120395,21.03
2022-06-30,15780.25,15890.0,15728.849609375,15774.5,306000,-0.001193081241402827,0.011748506893710386,18.67
2022-07-01,15752.0498046875,15793.9501953125,15511.0498046875,15703.7001953125,364100,-0.0017870563085186086,0.010405967851717546,15.38
2022-07-04,15835.349609375,15852.349609375,15661.7998046875,15710.5,304300,0.005288188249805481,0.010460134084059164,15.51
2022-07-05,15810.849609375,16025.75,15785.4501953125,15909.150390625,254200,-0.0015471713984448465,0.010422511908701138,15.42
2022-07-06,15989.7998046875,16011.349609375,15800.900390625,15818.2001953125,288400,0.011318189707300252,0.01058834507996194,15.83
2022-07-07,16132.900390625,16150.5,16045.9501953125,16113.75,264600,0.00894949203151052,0.010586648033403059,15.82
2022-07-08,16220.599609375,16275.5,16157.900390625,16273.650390625,281100,0.005436047866567373,0.010424256428278711,15.43
2022-07-11,16216.0,16248.5498046875,16115.5,16136.150390625,255900,-0.00028356592763323363,0.009780047857240027,13.85
2022-07-12,16058.2998046875,16158.75,16031.150390625,16126.2001953125,208600,-0.0097249750439381,0.009891661456839637,14.12
2022-07-13,15966.650390625,16140.0,15950.150390625,16128.2001953125,233300,-0.005707292501522909,0.009916883143954128,14.18
2022-07-14,15938.650390625,16070.849609375,15858.2001953125,16018.849609375,228600,-0.0017536552323109689,0.009816482282493875,13.94
2022-07-15,16049.2001953125,16066.9501953125,15927.2998046875,16010.7998046875,205800,0.0069359576863876615,0.00992866032142477,14.21
2022-07-18,16278.5,16287.9501953125,16142.2001953125,16151.400390625,227700,0.014287304158276504,0.01031594191891122,15.16
2022-07-19,16340.5498046875,16359.5,16187.0498046875,16187.0498046875,222600,0.003811764271124396,0.01021083369167445,14.9
2022-07-20,16520.849609375,16588.0,16490.94921875,16562.80078125,284400,0.01103388850696918,0.010385274815695806,15.33
2022-07-21,16605.25,16626.94921875,16483.900390625,16523.55078125,243600,0.005108719746296009,0.010339062506321928,15.22
2022-07-22,16719.44921875,16752.25,16610.900390625,16661.25,190900,0.006877295960614926,0.009883671424706468,14.1
2022-07-25,16631.0,16706.05078125,16564.25,16662.55078125,211400,-0.005290199311757782,0.008517625835919106,10.75
2022-07-26,16483.849609375,16636.099609375,16463.30078125,16632.900390625,208200,-0.00884795806776506,0.008701896294733046,11.2
2022-07-27,16641.80078125,16653.44921875,16438.75,16475.349609375,185200,0.0095821774414373,0.008784392483194688,11.41
2022-07-28,16929.599609375,16947.650390625,16746.25,16774.849609375,376300,0.017293731123692924,0.00806809773455145,9.65
2022-07-29,17158.25,17172.80078125,17018.150390625,17079.5,436100,0.013505953826479233,0.008143554639626929,9.84
2022-08-01,17340.05078125,17356.25,17154.80078125,17243.19921875,381500,0.010595531668439406,0.008235266656943492,10.06
2022-08-02,17345.44921875,17390.150390625,17215.849609375,17310.150390625,333600,0.000311327663805816,0.00777630569118314,8.94
2022-08-03,17388.150390625,17407.5,17225.849609375,17349.25,285400,0.002461808358865669,0.007008744408040973,7.05
2022-08-04,17382.0,17490.69921875,17161.25,17463.099609375,325000,-0.0003537116074355806,0.006980954664431804,6.99
2022-08-05,17397.5,17474.400390625,17348.75,17423.650390625,355300,0.0008917270739845495,0.006921910166235143,6.84
2022-08-08,17525.099609375,17548.80078125,17359.75,17401.5,257000,0.007334364671648164,0.006896862492105722,6.78
2022-08-10,17534.75,17566.099609375,17442.80078125,17566.099609375,312700,0.0005506610997998429,0.006904474198585902,6.8
2022-08-11,17659.0,17719.30078125,17631.94921875,17711.650390625,311200,0.007085929368824795,0.006819703458400974,6.59
2022-08-12,17698.150390625,17724.650390625,17597.849609375,17659.650390625,303900,0.0022170219505635025,0.006762843083776268,6.45
2022-08-16,17825.25,17839.099609375,17764.05078125,17797.19921875,0,0.007181519343531395,0.006702902259247931,6.3
2022-08-17,17944.25,17965.94921875,17833.349609375,17868.150390625,262800,0.006675923198833145,0.006715792123692888,6.34
2022-08-18,17956.5,17968.44921875,17852.05078125,17898.650390625,263900,0.0006826699360520383,0.006662140043545674,6.2
2022-08-19,17758.44921875,17992.19921875,17710.75,17966.55078125,295600,-0.011029475746944017,0.007083223704865781,7.24
2022-08-22,17490.69921875,17690.05078125,17467.349609375,17682.900390625,287600,-0.0150773300473388,0.007773696614087764,8.93
2022-08-23,17577.5,17625.55078125,17345.19921875,17357.349609375,285600,0.00496268217550444,0.007768485731553576,8.92
2022-08-24,17604.94921875,17623.650390625,17499.25,17525.44921875,262000,0.001561611079505143,0.007751247245678971,8.87
2022-08-25,17522.44921875,17726.5,17487.44921875,17679.0,230200,-0.004686182219266755,0.0075223237741490045,8.31
2022-08-26,17558.900390625,17685.849609375,17519.349609375,17619.30078125,266600,0.002080255529346653,0.00734592380932641,7.88
2022-08-29,17312.900390625,17380.150390625,17166.19921875,17188.650390625,244900,-0.014009988924553851,0.007947122588454876,9.35
2022-08-30,17759.30078125,17777.650390625,17401.5,17414.94921875,324700,0.02578426378902554,0.008965849496833829,11.85
2022-09-01,17542.80078125,17695.599609375,17468.44921875,17485.69921875,308500,-0.012190795272107646,0.00916027165349352,12.33
2022-09-02,17539.44921875,17643.849609375,17476.44921875,17598.400390625,256300,-0.0001910505934481499,0.009170207747042367,12.35
2022-09-05,17665.80078125,17683.150390625,17540.349609375,17546.44921875,230300,0.007203850071011875,0.009072046312096089,12.11
2022-09-06,17655.599609375,17764.650390625,17587.650390625,17695.69921875,251200,-0.0005774531254664206,0.009070216397840078,12.11
2022-09-07,17624.400390625,17650.75,17484.30078125,17519.400390625,354100,-0.0017671004916441913,0.009050049539254855,12.06
2022-09-08,17798.75,17807.650390625,17691.94921875,17748.150390625,279800,0.009892512965589573,0.009064503454407341,12.09
2022-09-09,17833.349609375,17925.94921875,17786.0,17923.349609375,270300,0.0019439347917691308,0.008817438747789761,11.49
2022-09-12,17936.349609375,17980.55078125,17889.150390625,17890.849609375,228200,0.005775695663245095,0.008741512393149076,11.3
2022-09-13,18070.05078125,18088.30078125,18015.44921875,18044.44921875,259900,0.007454201929980142,0.00834430965504466,10.33
2022-09-14,18003.75,18091.55078125,17771.150390625,17771.150390625,365900,-0.0036690976717561608,0.008128909955834176,9.8
2022-09-15,17877.400390625,18096.150390625,17861.5,18046.349609375,289600,-0.007017960667916379,0.008095530409435997,9.72
2022-09-16,17530.849609375,17820.05078125,17497.25,17796.80078125,468500,-0.019384853148544656,0.00891467823864267,11.73
2022-09-19,17622.25,17667.19921875,17429.69921875,17540.650390625,258300,0.0052136885924867205,0.008950786130476873,11.81
2022-09-20,17816.25,17919.30078125,17744.400390625,17770.400390625,263100,0.011008809885230342,0.009152225338617655,12.31
2022-09-21,17718.349609375,17838.69921875,17663.599609375,17766.349609375,245500,-0.005495005437451739,0.009225529856983099,12.49
2022-09-22,17629.80078125,17722.75,17532.44921875,17609.650390625,284100,-0.004997577656902563,0.009192121336467912,12.41
2022-09-23,17327.349609375,17642.150390625,17291.650390625,17593.849609375,390800,-0.017155677232420508,0.009724477360492666,13.71
2022-09-26,17016.30078125,17196.400390625,16978.30078125,17156.30078125,492000,-0.017951321762256445,0.010130143927098748,14.71
2022-09-27,17007.400390625,17176.44921875,16942.349609375,17110.900390625,359900,-0.0005230508522044985,0.010110742982881464,14.66
2022-09-28,16858.599609375,17037.599609375,16820.400390625,16870.55078125,323900,-0.00874917846539458,0.010069452083331017,14.56
2022-09-29,16818.099609375,17026.05078125,16788.599609375,16993.599609375,340000,-0.0024023347691036756,0.009941302646973972,14.24
2022-09-30,17094.349609375,17187.099609375,16747.69921875,16798.05078125,376100,0.01642575596626905,0.010493973670567192,15.6
2022-10-03,16887.349609375,17114.650390625,16855.55078125,17102.099609375,278400,-0.012109264448790458,0.010529274241814952,15.68
2022-10-04,17274.30078125,17287.30078125,17117.30078125,17147.44921875,226000,0.02291367093271912,0.01112300361849054,17.14
2022-10-06,17331.80078125,17428.80078125,17315.650390625,17379.25,265500,0.0033286441360573793,0.01110004163554041,17.08
2022-10-07,17314.650390625,17337.349609375,17216.94921875,17287.19921875,216300,-0.0009895331040011834,0.011094189221442067,17.07
2022-10-10,17241.0,17280.150390625,17064.69921875,17094.349609375,234000,-0.00425364584114718,0.011088834003654112,17.06
2022-10-11,16983.55078125,17261.80078125,16950.30078125,17256.05078125,282600,-0.014932383199930399,0.011384446229301287,17.78
2022-10-12,17123.599609375,17142.349609375,16960.05078125,17025.55078125,256000,0.008246145339619648,0.011234787897635266,17.41
2022-10-13,17014.349609375,17112.349609375,16956.94921875,17087.349609375,266400,-0.006380083772817624,0.010140616328636639,14.73
2022-10-14,17185.69921875,17348.55078125,17169.75,17322.30078125,227000,0.010070888003887335,0.010136580734355412,14.72
2022-10-17,17311.80078125,17328.55078125,17098.55078125,17144.80078125,212200,0.007337586960815656,0.010240627218502153,14.98
2022-10-18,17486.94921875,17527.80078125,17434.05078125,17438.75,239500,0.010117285874136073,0.010328509989458605,15.19
2022-10-19,17512.25,17607.599609375,17472.849609375,17568.150390625,210500,0.0014468379208691928,0.01033316210301813,15.2
2022-10-20,17563.94921875,17584.150390625,17421.0,17423.099609375,249600,0.0029521745492440132,0.010344714586938168,15.23
2022-10-21,17576.30078125,17670.150390625,17520.75,17622.849609375,277700,0.0007032337856462956,0.010174418218851383,14.81
2022-10-24,17730.75,17777.55078125,17707.400390625,17736.349609375,45000,0.008787356376761757,0.010303956407834762,15.13
2022-10-25,17656.349609375,17811.5,17637.0,17808.30078125,251400,-0.004196122026705051,0.010267284564444978,15.04
2022-10-27,17736.94921875,17783.900390625,17654.5,17771.400390625,324600,0.004564907874966551,0.01020371209209299,14.89
2022-10-28,17786.80078125,17838.900390625,17723.69921875,17756.400390625,250000,0.002810605244745412,0.010204422185627357,14.89
2022-10-31,18012.19921875,18022.80078125,17899.900390625,17910.19921875,227200,0.012672230395564199,0.010392495608229805,15.35
2022-11-01,18145.400390625,18175.80078125,18060.150390625,18130.69921875,349900,0.007395053222392978,0.009774903515096993,13.84
2022-11-02,18082.849609375,18178.75,18048.650390625,18177.900390625,270900,-0.003447197631545107,0.00978002679228412,13.85
2022-11-03,18052.69921875,18106.30078125,17959.19921875,17968.349609375,213000,-0.0016673473084335422,0.009600707368377474,13.41
2022-11-04,18117.150390625,18135.099609375,18017.150390625,18053.400390625,267900,0.003570168155688336,0.0095485491874562,13.28
2022-11-07,18202.80078125,18255.5,18064.75,18211.75,314800,0.004727586225111935,0.0095104254699594,13.19
2022-11-09,18157.0,18296.400390625,18117.5,18288.25,307200,-0.002516139235956394,0.00889663818626393,11.68
2022-11-10,18028.19921875,18103.099609375,17969.400390625,18044.349609375,256500,-0.007093725904609771,0.008272902232454983,10.15
2022-11-11,18349.69921875,18362.30078125,18259.349609375,18272.349609375,378500,0.017833173247033374,0.008748072552216076,11.32
2022-11-14,18329.150390625,18399.44921875,18311.400390625,18376.400390625,301400,-0.0011198455015547504,0.008515405140116979,10.75
2022-11-15,18403.400390625,18427.94921875,18282.0,18362.75,250900,0.004050924260950772,0.008460092265580667,10.61
2022-11-16,18409.650390625,18442.150390625,18344.150390625,18398.25,219300,0.0003396111515991951,0.00808396097438831,9.69
2022-11-17,18343.900390625,18417.599609375,18312.94921875,18358.69921875,200500,-0.00357149639481924,0.007692522888251684,8.73
2022-11-18,18307.650390625,18394.599609375,18209.80078125,18382.94921875,198800,-0.00197613371355454,0.006729187833892863,6.37
2022-11-21,18159.94921875,18262.30078125,18133.349609375,18246.400390625,213800,-0.008067729540576885,0.006966763957269817,6.95
2022-11-22,18244.19921875,18261.849609375,18137.69921875,18179.150390625,177700,0.00463933015368867,0.00697095864063952,6.96
2022-11-23,18267.25,18325.400390625,18246.0,18325.19921875,178800,0.0012634580983039712,0.006878783476040126,6.74
2022-11-24,18484.099609375,18529.69921875,18294.25,18326.099609375,204000,0.011870949889830174,0.006328826914158867,5.39
2022-11-25,18512.75,18534.900390625,18445.099609375,18528.44921875,205900,0.0015500019600884762,0.006249368520754888,5.19
2022-11-28,18562.75,18614.25,18365.599609375,18430.55078125,206500,0.0027008413120686026,0.0060137743171983305,4.61
2022-11-29,18618.05078125,18678.099609375,18552.150390625,18552.44921875,195300,0.00297912654375021,0.005860625535401428,4.24
2022-11-30,18758.349609375,18816.05078125,18616.55078125,18625.69921875,345600,0.007535634625419174,0.005866151863472517,4.25
2022-12-01,18812.5,18887.599609375,18778.19921875,18871.94921875,325000,0.002886735334004964,0.005696781982594966,3.84
2022-12-02,18696.099609375,18781.94921875,18639.19921875,18752.400390625,254400,-0.006187396179402005,0.005909855000574072,4.36
2022-12-05,18701.05078125,18728.599609375,18591.349609375,18719.55078125,288400,0.00026482378562620035,0.005918416064132583,4.38
2022-12-06,18642.75,18654.900390625,18577.900390625,18600.650390625,217800,-0.0031175136590962937,0.005990405500092312,4.56
2022-12-07,18560.5,18668.30078125,18528.400390625,18638.849609375,200500,-0.004411902750398933,0.005958027901327552,4.48
2022-12-08,18609.349609375,18625.0,18536.94921875,18570.849609375,202800,0.002631912360927746,0.005860864655983877,4.24
2022-12-09,18496.599609375,18664.69921875,18410.099609375,18662.400390625,215800,-0.006058782405979346,0.006005359881022972,4.59
2022-12-12,18497.150390625,18521.55078125,18345.69921875,18402.150390625,193900,2.977743269738653e-05,0.00600455655623008,4.59
2022-12-13,18608.0,18617.25,18490.19921875,18524.400390625,187600,0.0059927938646799905,0.005684547254361912,3.81
2022-12-14,18660.30078125,18696.099609375,18632.900390625,18671.25,208000,0.002810661073194387,0.005569976524134283,3.53
2022-12-15,18414.900390625,18652.900390625,18387.69921875,18614.400390625,183100,-0.013150934355333654,0.006091371627557262,4.81
2022-12-16,18269.0,18440.94921875,18255.150390625,18319.099609375,277700,-0.00792295301794177,0.006276785075063596,5.26
2022-12-19,18420.44921875,18431.650390625,18244.55078125,18288.099609375,154800,0.008289956688926514,0.006416169862689238,5.6
2022-12-20,18385.30078125,18404.900390625,18202.650390625,18340.30078125,169000,-0.0019081205394395617,0.006382311473900288,5.52
2022-12-21,18199.099609375,18473.349609375,18162.75,18435.150390625,187600,-0.01012771964355863,0.0066461130987428155,6.16
2022-12-22,18127.349609375,18318.75,18068.599609375,18288.80078125,195700,-0.003942502735851727,0.006552767898444408,5.94
2022-12-23,17806.80078125,18050.44921875,17779.5,17977.650390625,221500,-0.01768316025411787,0.006465581196054726,5.72
2022-12-26,18014.599609375,18084.099609375,17774.25,17830.400390625,176700,0.011669632893506865,0.006865350262570116,6.7
2022-12-27,18132.30078125,18149.25,17967.44921875,18089.80078125,214300,0.006533654614990558,0.006937360316971903,6.88
2022-12-28,18122.5,18173.099609375,18068.349609375,18084.75,193900,-0.0005405150382313817,0.006935673801340326,6.87
2022-12-29,18191.0,18229.69921875,17992.80078125,18045.69921875,281100,0.00377983170092433,0.006953276678329034,6.92
2022-12-30,18105.30078125,18265.25,18080.30078125,18259.099609375,192000,-0.00471107793689185,0.006994420628063365,7.02
2023-01-02,18197.44921875,18215.150390625,18086.5,18131.69921875,256100,0.005089583355357918,0.006905530577433129,6.8
2023-01-03,18232.55078125,18251.94921875,18149.80078125,18163.19921875,208700,0.00192892762485819,0.006861574012233029,6.69
2023-01-04,18042.94921875,18243.0,18020.599609375,18230.650390625,235200,-0.010399069487028845,0.007113369617976092,7.31
2023-01-05,17992.150390625,18120.30078125,17892.599609375,18101.94921875,269900,-0.0028154392892826285,0.006736018587530708,6.39
2023-01-06,17859.44921875,18047.400390625,17795.55078125,18008.05078125,238200,-0.007375503705446151,0.006821702741146268,6.6
2023-01-09,18101.19921875,18141.400390625,17936.150390625,17952.55078125,257200,0.013536251708490266,0.007303761610339192,7.78
2023-01-10,17914.150390625,18127.599609375,17856.0,18121.30078125,283300,-0.010333504750958511,0.007467983172230637,8.18
2023-01-11,17895.69921875,17976.349609375,17824.349609375,17924.25,259900,-0.0010299775022909463,0.007281649576939677,7.72
2023-01-12,17858.19921875,17945.80078125,17761.650390625,17920.849609375,227800,-0.00209547554088918,0.007233808532572984,7.61
2023-01-13,17956.599609375,17999.349609375,17774.25,17867.5,256700,0.005510095918388247,0.0072990249264235476,7.77
2023-01-16,17894.849609375,18049.650390625,17853.650390625,18033.150390625,206200,-0.003438847072569362,0.007302641447281681,7.77
2023-01-17,18053.30078125,18072.05078125,17886.94921875,17922.80078125,219100,0.008854568511824201,0.007531457735451435,8.34
2023-01-18,18165.349609375,18183.75,18032.44921875,18074.30078125,255800,0.006206556323560042,0.00761670001575861,8.54
2023-01-19,18107.849609375,18155.19921875,18063.75,18119.80078125,237800,-0.003165367099256078,0.007603069589189569,8.51
2023-01-20,18027.650390625,18145.44921875,18016.19921875,18115.599609375,237200,-0.004428975305189153,0.0075705588711315235,8.43
2023-01-23,18118.55078125,18162.599609375,18063.44921875,18118.44921875,202500,0.005042276095628795,0.007645086971985966,8.61
2023-01-24,18118.30078125,18201.25,18078.650390625,18183.94921875,216900,-1.3798013043020418e-05,0.007542794712581087,8.36
2023-01-25,17891.94921875,18100.599609375,17846.150390625,18093.349609375,257200,-0.01249297962501228,0.0077990560598412695,8.99
2023-01-27,17604.349609375,17884.75,17493.55078125,17877.19921875,476300,-0.016074246906178757,0.007967749328052318,9.4
2023-01-30,17648.94921875,17709.150390625,17405.55078125,17541.94921875,432400,0.0025334426073457816,0.007904121386832816,9.25
2023-01-31,17662.150390625,17735.69921875,17537.55078125,17731.44921875,398300,0.0007479862801675896,0.0077121136254087435,8.78
2023-02-01,17616.30078125,17972.19921875,17353.400390625,17811.599609375,512900,-0.0025959245256645946,0.007714785972099905,8.78
2023-02-02,17610.400390625,17653.900390625,17445.94921875,17517.099609375,490100,-0.0003349392530399564,0.007537662332986549,8.35
2023-02-03,17854.05078125,17870.30078125,17584.19921875,17721.75,424100,0.013835596307890219,0.007989198580089712,9.46
2023-02-06,17764.599609375,17823.69921875,17698.349609375,17818.55078125,282500,-0.005010133160870178,0.007358067217046098,7.91
2023-02-07,17721.5,17811.150390625,17652.55078125,17790.099609375,354400,-0.0024261514654264627,0.007026267467416985,7.1
2023-02-08,17871.69921875,17898.69921875,17744.150390625,17750.30078125,291000,0.008475536424681795,0.007102052402704768,7.28
2023-02-09,17893.44921875,17916.900390625,17779.80078125,17885.5,260900,0.0012170079483646568,0.007108594435780608,7.3
2023-02-10,17856.5,17876.94921875,17801.0,17847.55078125,232000,-0.0020649578680046465,0.007070092511364365,7.2
2023-02-13,17770.900390625,17880.69921875,17719.75,17859.099609375,231300,-0.00479375070002519,0.007071768387753681,7.21
2023-02-14,17929.849609375,17954.55078125,17800.05078125,17840.349609375,244500,0.0089443537049958,0.007212280090625166,7.55
2023-02-15,18015.849609375,18034.099609375,17853.80078125,17896.599609375,229300,0.004796470794436125,0.007263966284962276,7.68
2023-02-16,18035.849609375,18134.75,18000.650390625,18094.75,230200,0.0011101336008929596,0.007015874508610891,7.07
2023-02-17,17944.19921875,18034.25,17884.599609375,17974.849609375,208100,-0.005081567689351307,0.007059415826232233,7.18
2023-02-20,17844.599609375,18004.349609375,17818.400390625,17965.55078125,174600,-0.005550518480140765,0.0070018744383786346,7.04
2023-02-21,17826.69921875,17924.900390625,17800.30078125,17905.80078125,198200,-0.001003126492992057,0.0065188683640906965,5.85
2023-02-22,17554.30078125,17772.5,17529.44921875,17755.349609375,204000,-0.015280363131582653,0.006831547913576508,6.62
2023-02-23,17511.25,17620.05078125,17455.400390625,17574.650390625,240800,-0.002452434977984641,0.006839182620893123,6.64
2023-02-24,17465.80078125,17599.75,17421.80078125,17591.349609375,209400,-0.002595429723749043,0.00684330565021598,6.65
2023-02-27,17392.69921875,17451.599609375,17299.0,17428.599609375,246400,-0.004185411445805309,0.006767572947315095,6.46
2023-02-28,17303.94921875,17440.44921875,17255.19921875,17383.25,420900,-0.0051027157362857345,0.006794666777106376,6.53
2023-03-01,17450.900390625,17467.75,17345.25,17360.099609375,272900,0.008492348770636093,0.00677667254510225,6.48
2023-03-02,17321.900390625,17445.80078125,17306.0,17421.5,310700,-0.007392168719804415,0.006725118253477667,6.36
2023-03-03,17594.349609375,17644.75,17427.69921875,17451.25,356200,0.015728598629827895,0.007418688026434712,8.06
2023-03-06,17711.44921875,17799.94921875,17671.94921875,17680.349609375,362800,0.006655523618366965,0.007513927522418192,8.29
2023-03-08,17754.400390625,17766.5,17602.25,17665.75,267000,0.0024250512391459367,0.007461622163625013,8.16
2023-03-09,17589.599609375,17772.349609375,17573.599609375,17772.05078125,262400,-0.009282249899975281,0.007624490779815194,8.56
2023-03-10,17412.900390625,17451.5,17324.349609375,17443.80078125,235900,-0.010045664635585094,0.007509042721754723,8.28
2023-03-13,17154.30078125,17529.900390625,17113.44921875,17421.900390625,254900,-0.014851035931626178,0.007426544708947604,8.08
2023-03-14,17043.30078125,17224.650390625,16987.099609375,17160.55078125,290600,-0.006470680525861194,0.00746750092451639,8.18
2023-03-15,16972.150390625,17211.349609375,16938.900390625,17166.44921875,248200,-0.004174683738684903,0.007478743408067345,8.21
2023-03-16,16985.599609375,17062.44921875,16850.150390625,16994.650390625,349800,0.0007924286811309411,0.007484088009903436,8.22
2023-03-17,17100.05078125,17145.80078125,16958.150390625,17111.80078125,408100,0.006738129621978839,0.007622011524338685,8.56
2023-03-20,16988.400390625,17066.599609375,16828.349609375,17066.599609375,241800,-0.0065292432199922645,0.007151985954233927,7.41
2023-03-21,17107.5,17127.69921875,17016.0,17060.400390625,246700,0.007010642946744028,0.007291488546326776,7.75
2023-03-22,17151.900390625,17207.25,17107.849609375,17177.44921875,0,0.0025953757489405316,0.007320658499554661,7.82
2023-03-23,17076.900390625,17205.400390625,17045.30078125,17097.400390625,219200,-0.004372693304643627,0.007116397703671456,7.32
2023-03-24,16945.05078125,17109.44921875,16917.349609375,17076.19921875,228000,-0.007720933328590696,0.007185883268431092,7.49
2023-03-27,16985.69921875,17091.0,16918.55078125,16984.30078125,218400,0.0023988383407489433,0.007226067469552312,7.59
2023-03-28,16951.69921875,17061.75,16913.75,17031.75,238800,-0.002001683861354908,0.007201986551169001,7.53
2023-03-29,17080.69921875,17126.150390625,16940.599609375,16977.30078125,345900,0.007609856589321451,0.007138797170499247,7.37
2023-03-31,17359.75,17381.599609375,17204.650390625,17210.349609375,263900,0.016337198944623932,0.00777728418612854,8.94
2023-04-03,17398.05078125,17428.05078125,17312.75,17427.94921875,230200,0.002206297973761151,0.007791106624153651,8.97
2023-04-05,17557.05078125,17570.55078125,17402.69921875,17422.30078125,248300,0.009138954817361267,0.007975338142731898,9.42
2023-04-06,17599.150390625,17638.69921875,17502.849609375,17533.849609375,242700,0.002397874785437182,0.00794045794387454,9.34
2023-04-10,17624.05078125,17694.099609375,17597.94921875,17634.900390625,254800,0.0014148632219350699,0.007946720944477875,9.35
2023-04-11,17722.30078125,17748.75,17655.150390625,17704.80078125,304300,0.005574768321964241,0.007494990315108093,8.25
2023-04-12,17812.400390625,17825.75,17717.25,17759.55078125,232800,0.005083967961446945,0.0075242495500791725,8.32
2023-04-13,17828.0,17842.150390625,17729.650390625,17807.30078125,285800,0.0008757724412713497,0.007500133128432565,8.26
2023-04-17,17706.849609375,17863.0,17574.05078125,17863.0,357400,-0.006795512150830185,0.00757367655156657,8.44
2023-04-18,17660.150390625,17766.599609375,17610.19921875,17766.599609375,258900,-0.0026373533282438855,0.0075225922697572355,8.31
2023-04-19,17618.75,17666.150390625,17579.849609375,17653.349609375,281500,-0.002344283016240789,0.007394945475336194,8.0
2023-04-20,17624.44921875,17684.44921875,17584.349609375,17638.599609375,215100,0.0003234746363958152,0.007249293526050485,7.64
2023-04-21,17624.05078125,17663.19921875,17553.94921875,17639.75,230200,-2.260708945023282e-05,0.0066626707325654465,6.21
2023-04-24,17743.400390625,17754.5,17612.5,17707.55078125,255700,0.006771973756565242,0.0066666678531679515,6.22
2023-04-25,17769.25,17807.44921875,17716.849609375,17761.55078125,297400,0.0014568576938982503,0.006657268769399382,6.19
2023-04-26,17813.599609375,17827.75,17711.19921875,17767.30078125,233000,0.0024958627615121465,0.006431446407858721,5.64
2023-04-27,17915.05078125,17931.599609375,17797.900390625,17813.099609375,241400,0.005695152810193838,0.006183655799844902,5.03
2023-04-28,18065.0,18089.150390625,17885.30078125,17950.400390625,290300,0.008370013603697934,0.005557008747919096,3.5
2023-05-02,18147.650390625,18180.25,18101.75,18124.80078125,265200,0.004575166931912511,0.00535650488204279,3.0
2023-05-03,18089.849609375,18116.349609375,18042.400390625,18113.80078125,226200,-0.00318502836487633,0.0053193918629386916,2.91
2023-05-04,18255.80078125,18267.44921875,18066.69921875,18081.0,226600,0.009173717607303677,0.005464201419312785,3.27
2023-05-05,18069.0,18216.94921875,18055.44921875,18117.30078125,239700,-0.010232406865540389,0.005865576611559143,4.25
2023-05-08,18264.400390625,18286.94921875,18100.30078125,18120.599609375,228400,0.010814123118324304,0.005865361229647108,4.25
2023-05-09,18265.94921875,18344.19921875,18229.650390625,18303.400390625,245400,8.480038171931881e-05,0.005815081916235157,4.13
2023-05-10,18315.099609375,18326.75,18211.94921875,18313.599609375,220500,0.0026908205008338015,0.005815330238871953,4.13
2023-05-11,18297.0,18389.69921875,18270.400390625,18357.80078125,248900,-0.0009882342854272697,0.0057152744523824815,3.88
2023-05-12,18314.80078125,18342.75,18194.55078125,18273.75,241700,0.0009728797753729701,0.005400393726510232,3.11
2023-05-15,18398.849609375,18458.900390625,18287.900390625,18339.30078125,216100,0.004589120522186851,0.005412253477280762,3.14
2023-05-16,18286.5,18432.349609375,18264.349609375,18432.349609375,219500,-0.006106338807060685,0.005583889457305823,3.56
2023-05-17,18181.75,18309.0,18115.349609375,18300.44921875,229900,-0.005728269488420423,0.0056965552816142856,3.84
2023-05-18,18129.94921875,18297.19921875,18104.849609375,18287.5,272100,-0.002849053652701161,0.005087513622369112,2.34
2023-05-19,18203.400390625,18218.099609375,18060.400390625,18186.150390625,260900,0.0040513721791914925,0.005107950820481738,2.39
2023-05-22,18314.400390625,18335.25,18178.849609375,18201.099609375,262600,0.006097761825706316,0.0049801519270242945,2.08
2023-05-23,18348.0,18419.75,18324.19921875,18362.900390625,270400,0.001834600568861644,0.0049774018985913986,2.07
2023-05-24,18285.400390625,18392.599609375,18262.94921875,18294.80078125,232600,-0.0034117947119577385,0.005054382226794665,2.26
2023-05-25,18321.150390625,18338.099609375,18202.400390625,18268.900390625,235900,0.001955111686716471,0.004990157927818536,2.11
2023-05-26,18499.349609375,18508.55078125,18333.150390625,18368.349609375,198700,0.009726420827874671,0.0051854704899191055,2.58
2023-05-29,18598.650390625,18641.19921875,18581.25,18619.150390625,265300,0.005367798508963517,0.0052381287608264816,2.71
2023-05-30,18633.849609375,18662.44921875,18575.5,18606.650390625,234400,0.0018925684396833287,0.005002860335008414,2.14
2023-05-31,18534.400390625,18603.900390625,18483.849609375,18594.19921875,696500,-0.0053370195013254795,0.0051070335391854935,2.39
2023-06-01,18487.75,18580.30078125,18464.55078125,18579.400390625,265600,-0.0025169624936233204,0.005111755989260431,2.4
2023-06-02,18534.099609375,18573.69921875,18478.400390625,18550.849609375,270900,0.002507044360454902,0.0051082216198216745,2.39
2023-06-05,18593.849609375,18640.150390625,18582.80078125,18612.0,256100,0.003223787573137793,0.005105042324546863,2.39
2023-06-06,18599.0,18622.75,18531.599609375,18600.80078125,220800,0.00027699431442118616,0.005023982454830957,2.19
2023-06-07,18726.400390625,18738.94921875,18636.0,18665.599609375,260100,0.006849851638528914,0.00511496606360762,2.41
2023-06-08,18634.55078125,18777.900390625,18615.599609375,18725.349609375,286500,-0.0049048192636628185,0.005254949866925308,2.75
2023-06-09,18563.400390625,18676.650390625,18555.400390625,18655.900390625,221800,-0.00381819725413457,0.005281058589149582,2.82
2023-06-12,18601.5,18633.599609375,18559.75,18595.05078125,179500,0.0020524046550352004,0.005108393118878148,2.4
2023-06-13,18716.150390625,18728.900390625,18631.80078125,18631.80078125,233200,0.0061635024393194016,0.005154866342705811,2.51
2023-06-14,18755.900390625,18769.69921875,18690.0,18744.599609375,261400,0.0021238341844009856,0.0050955513065627095,2.36
2023-06-15,18688.099609375,18794.099609375,18669.05078125,18774.44921875,263000,-0.0036149041015322014,0.0049396345226972015,1.98
2023-06-16,18826.0,18864.69921875,18710.5,18723.30078125,272800,0.0073790483520230765,0.004620436565617171,1.2
2023-06-19,18755.44921875,18881.44921875,18719.150390625,18873.30078125,219800,-0.0037475183921172883,0.00435218611165012,0.54
2023-06-20,18816.69921875,18839.69921875,18660.650390625,18752.349609375,211600,0.003265717567498605,0.004370504109685068,0.59
2023-06-21,18856.849609375,18875.900390625,18794.849609375,18849.400390625,217500,0.0021337637466720683,0.004364251287577886,0.57
2023-06-22,18771.25,18886.599609375,18759.5,18853.599609375,252700,-0.004539443817404343,0.0044664786538611894,0.82
2023-06-23,18665.5,18756.400390625,18647.099609375,18741.849609375,210600,-0.005633615236065759,0.0046210622266187945,1.2
2023-06-26,18691.19921875,18722.05078125,18646.69921875,18682.349609375,171300,0.0013768299134766515,0.004563322280102358,1.06
2023-06-27,18817.400390625,18829.25,18714.25,18748.55078125,222500,0.00675190341711196,0.0045216231630501764,0.96
2023-06-28,18972.099609375,19011.25,18861.349609375,18908.150390625,398800,0.00822107281232487,0.004526898891911578,0.97
2023-06-30,19189.05078125,19201.69921875,19024.599609375,19076.849609375,247900,0.01143527476356887,0.0048041157213419014,1.65
2023-07-03,19322.55078125,19345.099609375,19234.400390625,19246.5,226100,0.00695709243369369,0.004877602549205722,1.83
2023-07-04,19389.0,19434.150390625,19300.0,19406.599609375,226900,0.003438946519135566,0.004824486882436349,1.7
2023-07-05,19398.5,19421.599609375,19339.599609375,19405.94921875,224400,0.0004899685388621844,0.004831487493021839,1.72
2023-07-06,19497.30078125,19512.19921875,19373.0,19385.69921875,268300,0.00509321758125636,0.004759946062096147,1.54
2023-07-07,19331.80078125,19523.599609375,19303.599609375,19422.80078125,237100,-0.00848835445771845,0.005141464602612115,2.48
2023-07-10,19355.900390625,19435.849609375,19327.099609375,19400.349609375,268200,0.0012466303397029588,0.0049192009911657765,1.93
2023-07-11,19439.400390625,19515.099609375,19406.44921875,19427.099609375,251300,0.004313930032438185,0.004894487909261237,1.87
2023-07-12,19384.30078125,19507.69921875,19361.75,19497.44921875,327900,-0.002834429471475497,0.0049566545152037395,2.02
2023-07-13,19413.75,19567.0,19385.80078125,19495.19921875,310400,0.0015192303855748879,0.0047941047197063,1.62
2023-07-14,19564.5,19595.349609375,19433.5,19493.44921875,291200,0.007765114931427508,0.004859867870808663,1.79
2023-07-17,19711.44921875,19731.849609375,19562.94921875,19612.150390625,268700,0.007511013251041421,0.004966127236326593,2.05
2023-07-18,19749.25,19819.44921875,19690.19921875,19787.5,286400,0.001917706853032497,0.004961358455710151,2.03
2023-07-19,19833.150390625,19851.69921875,19727.44921875,19802.94921875,259700,0.004248282371482448,0.0049661328196240395,2.05
2023-07-20,19979.150390625,19991.849609375,19758.400390625,19831.69921875,274700,0.007361412439498949,0.004983653864718331,2.09
2023-07-21,19745.0,19887.400390625,19700.0,19800.44921875,312500,-0.011719737128305097,0.005450812780310935,3.23
2023-07-24,19672.349609375,19782.75,19658.30078125,19748.44921875,265600,-0.0036794322929856182,0.005445809559405649,3.22
2023-07-25,19680.599609375,19729.349609375,19615.94921875,19729.349609375,369700,0.0004193703428323481,0.005452910577895102,3.24
2023-07-26,19778.30078125,19825.599609375,19716.69921875,19733.349609375,244700,0.004964339187534694,0.005424871233438589,3.17
2023-07-27,19659.900390625,19867.55078125,19603.55078125,19850.900390625,334900,-0.0059863783008722304,0.005609979512288857,3.62
2023-07-28,19646.05078125,19695.900390625,19563.099609375,19659.75,258700,-0.0007044597937843067,0.005541695826357957,3.46
2023-07-31,19753.80078125,19772.75,19597.599609375,19666.349609375,295100,0.005484562836559181,0.005485048512093687,3.32
2023-08-01,19733.55078125,19795.599609375,19704.599609375,19784.0,298000,-0.0010251191770254131,0.0054152707966276525,3.15
2023-08-02,19526.55078125,19678.25,19423.55078125,19655.400390625,290700,-0.010489749274959825,0.005844361121071186,4.2
2023-08-03,19381.650390625,19537.650390625,19296.44921875,19463.75,315700,-0.007420685416911321,0.006051298397215735,4.71
2023-08-04,19517.0,19538.849609375,19436.44921875,19462.80078125,280800,0.006983389270114548,0.006057649529058143,4.72
2023-08-07,19597.30078125,19620.44921875,19524.80078125,19576.849609375,216600,0.004114401867602702,0.005932088654886154,4.41
2023-08-08,19570.849609375,19634.400390625,19533.099609375,19627.19921875,260300,-0.0013497354646058168,0.005957128244212675,4.48
2023-08-09,19632.55078125,19645.5,19467.5,19578.80078125,266500,0.003152707884763739,0.005884580382458285,4.3
2023-08-10,19543.099609375,19623.599609375,19495.400390625,19605.55078125,312200,-0.004556268458015711,0.0058384242843475785,4.18
2023-08-11,19428.30078125,19557.75,19412.75,19554.25,235500,-0.005874136161590715,0.005623496168438274,3.66
2023-08-14,19434.55078125,19465.849609375,19257.900390625,19383.94921875,243900,0.00032169565781225984,0.005486685696428702,3.32
2023-08-16,19465.0,19482.75,19317.19921875,19369.0,0,0.0015667570139761278,0.005459239022257502,3.26
2023-08-17,19365.25,19461.55078125,19326.25,19450.55078125,268700,-0.005124582584125403,0.005542601079917485,3.46
2023-08-18,19310.150390625,19373.80078125,19253.599609375,19301.75,256100,-0.0028452826260957353,0.005478090293514895,3.3
2023-08-21,19393.599609375,19425.94921875,19296.30078125,19320.650390625,262600,0.0043215209131937105,0.005315208279114147,2.9
2023-08-22,19396.44921875,19443.5,19381.30078125,19417.099609375,208700,0.00014693555773015454,0.0053109613482145036,2.89
2023-08-23,19444.0,19472.05078125,19366.599609375,19439.19921875,225200,0.0024515199000461063,0.0052705363130772075,2.79
2023-08-24,19386.69921875,19584.44921875,19369.0,19535.150390625,268300,-0.002946964680621278,0.005272678529190716,2.8
2023-08-25,19265.80078125,19339.55078125,19229.69921875,19297.400390625,466500,-0.006236153774081932,0.005385428643541675,3.07
2023-08-28,19306.05078125,19366.849609375,19249.69921875,19298.349609375,248200,0.002089194238900971,0.005190645571912209,2.6
2023-08-29,19342.650390625,19377.900390625,19309.099609375,19374.849609375,307400,0.0018957584743610756,0.004991849274330947,2.11
2023-08-30,19347.44921875,19452.80078125,19334.75,19433.44921875,233000,0.0002480956863764039,0.004971879307306462,2.06
2023-08-31,19253.80078125,19388.19921875,19223.650390625,19375.55078125,562600,-0.004840350603388277,0.004938459355299879,1.98
2023-09-01,19435.30078125,19458.55078125,19255.69921875,19258.150390625,333000,0.009426710188917609,0.005071300020622259,2.3
2023-09-04,19528.80078125,19545.150390625,19432.849609375,19525.05078125,296800,0.004810833701642592,0.004743403407364291,1.5
2023-09-05,19574.900390625,19587.05078125,19525.75,19564.650390625,256800,0.0023605960187407238,0.004725629438197149,1.46
2023-09-06,19611.05078125,19636.44921875,19491.5,19581.19921875,287600,0.0018467726478093027,0.004738776575576285,1.49
2023-09-07,19727.05078125,19737.0,19550.05078125,19598.650390625,304900,0.005915032360780392,0.004776886243083248,1.58
2023-09-08,19819.94921875,19867.150390625,19727.05078125,19774.80078125,288100,0.004709190366575022,0.004719296690078652,1.44
2023-09-11,19996.349609375,20008.150390625,19865.349609375,19890.0,248800,0.008900143420050854,0.0049692961815929575,2.05
2023-09-12,19993.19921875,20110.349609375,19914.650390625,20110.150390625,328100,-0.0001575482868895195,0.004884143524889808,1.85
2023-09-13,20070.0,20096.900390625,19944.099609375,19989.5,251400,0.003841345269944396,0.004915441229454035,1.92
2023-09-14,20103.099609375,20167.650390625,20043.44921875,20127.94921875,275100,0.001649208239910216,0.004450841576311642,0.78
2023-09-15,20192.349609375,20222.44921875,20129.69921875,20156.44921875,438200,0.004439613877174287,0.004198514411120298,0.16
2023-09-18,20133.30078125,20195.349609375,20115.69921875,20155.94921875,264900,-0.002924316846098174,0.004131306259822811,0.0
2023-09-20,19901.400390625,20050.650390625,19878.849609375,19980.75,378100,-0.011518249945432046,0.004680236828375221,1.35
2023-09-21,19742.349609375,19848.75,19709.94921875,19840.55078125,275100,-0.007991939166498319,0.004922760688913533,1.94
2023-09-22,19674.25,19798.650390625,19657.5,19744.849609375,246400,-0.003449417659114995,0.004938501539457649,1.98
2023-09-25,19674.55078125,19734.150390625,19601.55078125,19678.19921875,188400,1.5288066889551644e-05,0.004860341324683573,1.79
2023-09-26,19664.69921875,19699.349609375,19637.44921875,19682.80078125,204900,-0.0005007261720755274,0.004724561250927451,1.45
2023-09-27,19716.44921875,19730.69921875,19554.0,19637.05078125,203600,0.002631619198663282,0.004741795976465735,1.5
2023-09-28,19523.55078125,19766.650390625,19492.099609375,19761.80078125,352800,-0.009783629666773708,0.005092831626268105,2.36
2023-09-29,19638.30078125,19726.25,19551.05078125,19581.19921875,243500,0.005877516917168757,0.005098819242278776,2.37
2023-10-03,19528.75,19623.19921875,19479.650390625,19622.400390625,221700,-0.005578424654468894,0.005183979142039364,2.58
2023-10-04,19436.099609375,19457.80078125,19333.599609375,19446.30078125,277100,-0.004744307271330683,0.005210961413767245,2.65
2023-10-05,19545.75,19576.94921875,19487.30078125,19521.849609375,234900,0.005641584105285702,0.005308817164453922,2.89
2023-10-06,19653.5,19675.75,19589.400390625,19621.19921875,159100,0.0055127073660514725,0.005381134770146455,3.06
2023-10-09,19512.349609375,19588.94921875,19480.5,19539.44921875,165100,-0.00718194675884698,0.005524817371224399,3.42
2023-10-10,19689.849609375,19717.80078125,19565.44921875,19565.599609375,216600,0.00909680297624016,0.005614490821393243,3.64
2023-10-11,19811.349609375,19839.19921875,19756.94921875,19767.0,213700,0.006170692128707245,0.005697123904024603,3.84
2023-10-12,19794.0,19843.30078125,19772.650390625,19822.69921875,217900,-0.0008757409120068171,0.005702507594527847,3.85
2023-10-13,19751.05078125,19805.400390625,19635.30078125,19654.55078125,255000,-0.0021698099802970328,0.005727388809336705,3.91
2023-10-16,19731.75,19781.30078125,19691.849609375,19737.25,181000,-0.0009772027556287366,0.005641206975310155,3.7
2023-10-17,19811.5,19849.75,19775.650390625,19843.19921875,185800,0.004041709427698992,0.005440434446583984,3.21
2023-10-18,19671.099609375,19840.94921875,19659.94921875,19820.44921875,198900,-0.007086812741337156,0.00555928528644252,3.5
2023-10-19,19624.69921875,19681.80078125,19512.349609375,19545.19921875,230300,-0.0023588102112444,0.005564477159005077,3.51
2023-10-20,19542.650390625,19593.80078125,19518.69921875,19542.150390625,198300,-0.004180896084593599,0.005607872110597857,3.62
2023-10-23,19281.75,19556.849609375,19257.849609375,19521.599609375,176000,-0.013350307425555652,0.005985525572234234,4.55
2023-10-25,19122.150390625,19347.30078125,19074.150390625,19286.44921875,225300,-0.008277236732921023,0.006046870883396623,4.7
2023-10-26,18857.25,19041.69921875,18837.849609375,19027.25,300400,-0.013853064912347501,0.006165206442716642,4.99
2023-10-27,19047.25,19076.150390625,18926.650390625,18928.75,205200,0.010075700327460302,0.0065387044829978746,5.9
2023-10-30,19140.900390625,19158.5,18940.0,19053.400390625,180100,0.004916740769664862,0.006572388602304166,5.98
2023-10-31,19079.599609375,19233.69921875,19056.44921875,19232.94921875,206000,-0.0032026069828995363,0.006550410345540984,5.93
2023-11-01,18989.150390625,19096.05078125,18973.69921875,19064.05078125,194100,-0.004740624572936891,0.006466655561695944,5.73
2023-11-02,19133.25,19175.25,19064.150390625,19120.0,245600,0.007588523257266999,0.006697012885533807,6.29
2023-11-03,19230.599609375,19276.25,19210.900390625,19241.0,189500,0.005087980838331285,0.006539821662078969,5.9
2023-11-06,19411.75,19423.0,19309.69921875,19345.849609375,180700,0.00941990339899168,0.00668018987411259,6.25
2023-11-07,19406.69921875,19423.5,19329.099609375,19404.05078125,198700,-0.000260191958478706,0.0066576507892498115,6.19
2023-11-08,19443.5,19464.400390625,19401.5,19449.599609375,195000,0.0018962926582819506,0.006670880566286069,6.23
2023-11-09,19395.30078125,19463.900390625,19378.349609375,19457.400390625,208400,-0.002478937369815082,0.006681963233095414,6.25
2023-11-10,19425.349609375,19451.30078125,19329.44921875,19351.849609375,152200,0.001549283945833313,0.006667724198214288,6.22
2023-11-13,19443.55078125,19494.400390625,19414.75,19486.75,189300,0.0009369804014345284,0.006434797908432493,5.65
2023-11-15,19675.44921875,19693.19921875,19579.650390625,19651.400390625,291500,0.011926753508604282,0.006717675790310824,6.34
2023-11-16,19765.19921875,19875.25,19627.0,19674.69921875,282700,0.004561522280999375,0.006677881714048034,6.24
2023-11-17,19731.80078125,19806.0,19667.44921875,19674.75,236800,-0.0016897597201204206,0.006619411853038752,6.1
2023-11-20,19694.0,19756.44921875,19670.5,19731.150390625,173800,-0.0019157289123818977,0.006561513483994525,5.96
2023-11-21,19783.400390625,19829.099609375,19754.05078125,19770.900390625,195000,0.0045394734754240496,0.006537073272391439,5.9
2023-11-22,19811.849609375,19825.55078125,19703.849609375,19784.0,184500,0.0014380348265852216,0.006387311463480259,5.53
2023-11-23,19802.0,19875.150390625,19786.75,19828.44921875,170000,-0.0004971574875239915,0.0061802964458016,5.02
2023-11-24,19794.69921875,19832.849609375,19768.849609375,19809.599609375,145900,-0.00036868908443588033,0.006077195853296485,4.77
2023-11-28,19889.69921875,19916.849609375,19800.0,19844.650390625,229600,0.004799264638990497,0.006137349590736603,4.92
2023-11-29,20096.599609375,20104.650390625,19956.30078125,19976.55078125,236200,0.010402389113554511,0.0063952476150725725,5.55
2023-11-30,20133.150390625,20158.69921875,20015.849609375,20108.5,486600,0.0018187545137213768,0.006391871177889497,5.54
2023-12-01,20267.900390625,20291.55078125,20183.69921875,20194.099609375,265800,0.0066929416105065975,0.0064577799816529615,5.7
2023-12-04,20686.80078125,20702.650390625,20507.75,20601.94921875,381100,0.020668169003769332,0.007233490913307466,7.6
2023-12-05,20855.099609375,20864.05078125,20711.150390625,20808.900390625,421000,0.008135565760247543,0.007283776496209963,7.73
2023-12-06,20937.69921875,20961.94921875,20852.150390625,20950.75,359200,0.003960643244200535,0.007194562409329985,7.51
2023-12-07,20901.150390625,20941.25,20850.80078125,20932.400390625,275000,-0.0017455990623970186,0.006610941753079676,6.08
2023-12-08,20969.400390625,21006.099609375,20862.69921875,20934.099609375,292400,0.003265370504707432,0.006276706598661985,5.26
2023-12-11,20997.099609375,21026.099609375,20923.69921875,20965.30078125,212900,0.001320935183362959,0.005416039036391791,3.15
2023-12-12,20906.400390625,21037.900390625,20867.150390625,21018.55078125,244900,-0.004319607014175553,0.005460348259427327,3.26
2023-12-13,20926.349609375,20950.0,20769.5,20929.75,260300,0.0009542158562574343,0.005463401154003,3.27
2023-12-14,21182.69921875,21210.900390625,21074.44921875,21110.400390625,334400,0.012250087289956912,0.0055863432499920805,3.57
2023-12-15,21456.650390625,21492.30078125,21235.30078125,21287.44921875,508800,0.012932779200891975,0.005618429105944499,3.65
2023-12-18,21418.650390625,21482.80078125,21365.349609375,21434.80078125,249700,-0.0017710126840955187,0.005677340298043872,3.79
2023-12-19,21453.099609375,21505.05078125,21337.75,21477.650390625,249800,0.0016083748565725031,0.005685313250616496,3.81
2023-12-20,21150.150390625,21593.0,21087.349609375,21543.5,363900,-0.01412146609423337,0.006438714482284228,5.66
2023-12-21,21255.05078125,21288.349609375,20976.80078125,21033.94921875,277500,0.004959794076523361,0.006421353210724743,5.61
2023-12-22,21349.400390625,21390.5,21232.44921875,21295.849609375,284700,0.004438926556610712,0.006422284937518559,5.62
2023-12-26,21441.349609375,21477.150390625,21329.44921875,21365.19921875,219500,0.004306875934107168,0.0063364222019452986,5.41
2023-12-27,21654.75,21675.75,21495.80078125,21497.650390625,256500,0.0099527499207277,0.006438182065733793,5.66
2023-12-28,21778.69921875,21801.44921875,21678.0,21715.0,393100,0.005723881307796219,0.00642798514633338,5.63
2023-12-29,21731.400390625,21770.30078125,21676.900390625,21737.650390625,270900,-0.0021717930740454694,0.006328529016272425,5.39
2024-01-01,21741.900390625,21834.349609375,21680.849609375,21727.75,154000,0.00048317180721269004,0.006345114806460201,5.43
2024-01-02,21665.80078125,21755.599609375,21555.650390625,21751.349609375,263700,-0.003500136051024061,0.006401597390875628,5.57
2024-01-03,21517.349609375,21677.0,21500.349609375,21661.099609375,311900,-0.00685186637566948,0.006596528354222434,6.04
2024-01-04,21658.599609375,21685.650390625,21564.55078125,21605.80078125,339200,0.006564470186349425,0.006623375534726608,6.11
2024-01-05,21710.80078125,21749.599609375,21629.19921875,21705.75,309300,0.002410182228605562,0.006617621321498246,6.1
2024-01-08,21513.0,21763.94921875,21492.900390625,21747.599609375,231500,-0.00911070868564301,0.006956223978679014,6.93
2024-01-09,21544.849609375,21724.44921875,21517.849609375,21653.599609375,228600,0.0014804820050666745,0.006935434864732981,6.87
2024-01-10,21618.69921875,21641.849609375,21448.650390625,21529.30078125,217000,0.0034277152411805734,0.006926665921967492,6.85
2024-01-11,21647.19921875,21726.5,21593.75,21688.0,212500,0.0013183031833516878,0.0067801216676028515,6.49
2024-01-12,21894.55078125,21928.25,21715.150390625,21773.55078125,294700,0.011426492637705898,0.006970924876350508,6.96
2024-01-15,22097.44921875,22115.55078125,21963.55078125,22053.150390625,345500,0.009267074694848665,0.007035743238024333,7.12
2024-01-16,22032.30078125,22124.150390625,21969.80078125,22080.5,292400,-0.0029482333845447517,0.0062584216946965894,5.21
2024-01-17,21571.94921875,21851.5,21550.44921875,21647.25,456000,-0.020894393512082443,0.007430931787565565,8.09
2024-01-18,21462.25,21539.400390625,21285.55078125,21414.19921875,387300,-0.0050852715087356115,0.007496357580403379,8.25
2024-01-19,21622.400390625,21670.599609375,21575.0,21615.19921875,343100,0.00746195718645537,0.0075744050301456735,8.44
2024-01-23,21238.80078125,21750.25,21192.599609375,21716.69921875,449700,-0.01774084294273448,0.008308384625850743,10.24
2024-01-24,21453.94921875,21482.349609375,21137.19921875,21185.25,407500,0.010129971071150878,0.008493495821580238,10.69
2024-01-25,21352.599609375,21459.0,21247.05078125,21454.599609375,418100,-0.004724053755400193,0.008502141270243667,10.71
2024-01-29,21737.599609375,21763.25,21429.599609375,21433.099609375,376700,0.018030591452244726,0.009069710318706353,12.11
2024-01-30,21522.099609375,21813.05078125,21501.80078125,21775.75,375100,-0.009913698102483215,0.009050382614672395,12.06
2024-01-31,21725.69921875,21741.349609375,21448.849609375,21487.25,410600,0.009460025419002926,0.008907887513706724,11.71
2024-02-01,21697.44921875,21832.94921875,21658.75,21780.650390625,332500,-0.0013003033741542103,0.008904247201454413,11.7
2024-02-02,21853.80078125,22126.80078125,21805.55078125,21812.75,442800,0.007205988175093214,0.00898719491669378,11.9
2024-02-05,21771.69921875,21964.30078125,21726.94921875,21921.05078125,440800,-0.0037568550808078083,0.008589960823450019,10.93
2024-02-06,21929.400390625,21951.400390625,21737.55078125,21825.19921875,371000,0.007243402101531293,0.008636238735892659,11.04
2024-02-07,21930.5,22053.30078125,21860.150390625,22045.05078125,346300,5.014315737827957e-05,0.008614484306071804,10.99
2024-02-08,21717.94921875,22011.05078125,21665.30078125,22009.650390625,491100,-0.009692017110872975,0.00880243855162855,11.45
2024-02-09,21782.5,21804.44921875,21629.900390625,21727.0,349200,0.0029722318898448563,0.008633630526707119,11.04
2024-02-12,21616.05078125,21831.69921875,21574.75,21800.80078125,287400,-0.0076414194307357075,0.008685160889226395,11.16
2024-02-13,21743.25,21766.80078125,21543.349609375,21664.30078125,365800,0.005884480011507653,0.008746846830212292,11.31
2024-02-14,21840.05078125,21870.849609375,21530.19921875,21578.150390625,359100,0.004451992284961959,0.00878347957978775,11.4
2024-02-15,21910.75,21953.849609375,21794.80078125,21906.55078125,345400,0.0032371361888359207,0.008772064141217627,11.38
2024-02-16,22040.69921875,22068.650390625,21968.94921875,22020.30078125,343900,0.005930843022260657,0.008717340860364645,11.24
2024-02-19,22122.25,22186.650390625,22021.05078125,22103.44921875,0,0.0037000088082788096,0.008668005245743342,11.12
2024-02-20,22196.94921875,22215.599609375,22045.849609375,22099.19921875,295700,0.0033766555730090353,0.00867620846820626,11.14
2024-02-21,22055.05078125,22249.400390625,21997.94921875,22248.849609375,364500,-0.006392700010330099,0.008583111043254025,10.91
2024-02-22,22217.44921875,22252.5,21875.25,22081.55078125,343500,0.0073633218581414805,0.008664461055216531,11.11
2024-02-23,22212.69921875,22297.5,22186.099609375,22290.0,226000,-0.0002137959201901074,0.008655673685873038,11.09
2024-02-26,22122.05078125,22202.150390625,22075.150390625,22169.19921875,207800,-0.004080928508836235,0.008703541372349882,11.21
2024-02-27,22198.349609375,22218.25,22085.650390625,22090.19921875,252200,0.003448994348646428,0.008485559267002783,10.67
2024-02-28,21951.150390625,22229.150390625,21915.849609375,22214.099609375,203000,-0.011135927809948543,0.008575351767223896,10.89
2024-02-29,21982.80078125,22060.55078125,21860.650390625,21935.19921875,360200,0.0014418556686905948,0.00856403565500269,10.87
2024-03-01,22338.75,22353.30078125,22047.75,22048.30078125,351500,0.016192168700068565,0.008114750223493606,9.77
2024-03-04,22405.599609375,22440.900390625,22358.30078125,22403.5,298800,0.0029925402887358565,0.008032715896578363,9.56
2024-03-05,22356.30078125,22416.900390625,22269.150390625,22371.25,296200,-0.00220029050703785,0.007977534336094503,9.43
2024-03-06,22474.05078125,22497.19921875,22224.349609375,22327.5,312300,0.005266971542034149,0.007163864282649312,7.43
2024-03-07,22493.55078125,22525.650390625,22430.0,22505.30078125,379900,0.0008676673462120199,0.006995031060891745,7.02
2024-03-11,22332.650390625,22526.599609375,22307.25,22517.5,277900,-0.007153178801771132,0.0070842750887839265,7.24
2024-03-12,22335.69921875,22452.55078125,22256.0,22334.44921875,299200,0.0001365188668460693,0.006362892455388306,5.47
2024-03-13,21997.69921875,22446.75,21905.650390625,22432.19921875,493300,-0.015132725270416536,0.006730189298870274,6.37
2024-03-14,22146.650390625,22204.599609375,21917.5,21982.55078125,426700,0.006771215952804832,0.0066273248059862235,6.12
2024-03-15,22023.349609375,22120.900390625,21931.69921875,22064.849609375,661500,-0.005567468627318717,0.006716071507963669,6.34
2024-03-18,22055.69921875,22123.69921875,21916.55078125,21990.099609375,356300,0.0014688778023679294,0.006599767432430618,6.05
2024-03-19,21817.44921875,21978.30078125,21793.099609375,21946.44921875,344200,-0.010802196640288697,0.0068699415760126335,6.71
2024-03-20,21839.099609375,21930.900390625,21710.19921875,21843.900390625,312400,0.0009923428906801757,0.006739135623950823,6.39
2024-03-21,22011.94921875,22080.94921875,21941.30078125,21989.900390625,353200,0.0079146856998078,0.006896921216236049,6.78
2024-03-22,22096.75,22180.69921875,21883.30078125,21932.19921875,388700,0.0038524885010076115,0.0066702591941511635,6.22
2024-03-26,22004.69921875,22073.19921875,21947.55078125,21947.900390625,328400,-0.00416580634029895,0.006709843481974243,6.32
2024-03-27,22123.650390625,22193.599609375,22052.849609375,22053.94921875,409100,0.005405716783151604,0.006595182434816418,6.04
2024-03-28,22326.900390625,22516.0,22163.599609375,22163.599609375,410500,0.009187001078543977,0.006709631541645289,6.32
2024-04-01,22462.0,22529.94921875,22427.75,22455.0,0,0.006050979178091831,0.0067450359899622735,6.41
2024-04-02,22453.30078125,22497.599609375,22388.150390625,22458.80078125,289500,-0.0003872860275131451,0.006735265887039602,6.38
2024-04-03,22434.650390625,22521.099609375,22346.5,22385.69921875,309600,-0.0008306302403686683,0.006671784614872413,6.23
2024-04-04,22514.650390625,22619.0,22303.80078125,22592.099609375,401000,0.003565912488363576,0.006669689164355048,6.22
2024-04-05,22513.69921875,22537.599609375,22427.599609375,22486.400390625,242200,-4.224679746289706e-05,0.006649926082767327,6.17
2024-04-08,22666.30078125,22697.30078125,22550.349609375,22578.349609375,227600,0.006778164752814453,0.00661427633309629,6.09
2024-04-09,22642.75,22768.400390625,22612.25,22765.099609375,232400,-0.0010390218270411866,0.006509660132076582,5.83
2024-04-10,22753.80078125,22775.69921875,22673.69921875,22720.25,276800,0.0049044741142307835,0.006553092388091037,5.94
2024-04-12,22519.400390625,22726.44921875,22503.75,22677.400390625,357200,-0.010301592814249916,0.006807121637231856,6.56
2024-04-15,22272.5,22427.44921875,22259.55078125,22339.05078125,355500,-0.010963897188301042,0.00710248674600467,7.28
2024-04-16,22147.900390625,22213.75,22079.44921875,22125.30078125,317300,-0.005594325260972033,0.00686740309865567,6.71
2024-04-18,21995.849609375,22326.5,21961.69921875,22212.349609375,456900,-0.0068652458503182245,0.006987055531208897,7.0
2024-04-19,22147.0,22179.55078125,21777.650390625,21861.5,362500,0.0068717686886063944,0.006429183236933297,5.63
2024-04-22,22336.400390625,22375.650390625,22198.150390625,22336.900390625,279300,0.008551965982977361,0.006604126232818414,6.06
2024-04-23,22368.0,22447.55078125,22349.44921875,22447.05078125,231500,0.0014147135985376202,0.0065971184979181936,6.04
2024-04-24,22402.400390625,22476.44921875,22384.0,22421.55078125,235900,0.0015379287654238016,0.006529997777183528,5.88
2024-04-25,22570.349609375,22625.94921875,22305.25,22316.900390625,475000,0.0074969296067168845,0.006673955267811167,6.23
2024-04-26,22419.94921875,22620.400390625,22385.55078125,22620.400390625,329900,-0.006663626980883297,0.0066560946419252885,6.19
2024-04-29,22643.400390625,22655.80078125,22441.900390625,22475.55078125,292000,0.00996662256880243,0.006893073117117001,6.77
2024-04-30,22604.849609375,22783.349609375,22568.400390625,22679.650390625,361900,-0.00170251731563964,0.006250337467232116,5.19
2024-05-02,22648.19921875,22710.5,22567.849609375,22567.849609375,445900,0.0019177127972140884,0.006155947369463278,4.96
2024-05-03,22475.849609375,22794.69921875,22348.05078125,22766.349609375,438100,-0.007609859296553445,0.006239126669707047,5.17
2024-05-06,22442.69921875,22588.80078125,22409.44921875,22561.599609375,320300,-0.0014749338156797576,0.006249708921321891,5.19
2024-05-07,22302.5,22499.05078125,22232.05078125,22489.75,297800,-0.006246985595782073,0.006014054524943204,4.62
2024-05-08,22302.5,22368.650390625,22185.19921875,22231.19921875,277400,0.0,0.0060154085653065185,4.62
2024-05-09,21957.5,22307.75,21932.400390625,22224.80078125,331300,-0.01546911781190452,0.006542581513090549,5.91
2024-05-10,22055.19921875,22131.30078125,21950.30078125,21990.94921875,265800,0.0044494691449390444,0.006555792007529061,5.94
2024-05-13,22104.05078125,22131.650390625,21821.05078125,22027.94921875,278200,0.0022149680905385605,0.006520799284443678,5.86
2024-05-14,22217.849609375,22270.05078125,22081.25,22112.900390625,230200,0.005148324587705533,0.006513839506586794,5.84
2024-05-15,22200.55078125,22297.55078125,22151.75,22255.599609375,231900,-0.0007786004689536163,0.0062879206735372535,5.29
2024-05-16,22403.849609375,22432.25,22054.55078125,22319.19921875,368900,0.009157377676264788,0.006418126730362362,5.61
2024-05-17,22466.099609375,22502.150390625,22345.650390625,22415.25,242700,0.0027785403439750667,0.006438663212574346,5.66
2024-05-21,22529.05078125,22591.099609375,22404.55078125,22404.55078125,347600,0.002802051667603722,0.0064558791790727665,5.7
2024-05-22,22597.80078125,22629.5,22483.150390625,22576.599609375,290300,0.0030516154749500313,0.00644720055950902,5.68
2024-05-23,22967.650390625,22993.599609375,22577.44921875,22614.099609375,369800,0.01636661960848307,0.007094488450817406,7.26
2024-05-24,22957.099609375,23026.400390625,22908.0,22930.75,261900,-0.0004593757337192361,0.007002783296559016,7.04
2024-05-27,22932.44921875,23110.80078125,22871.19921875,23038.94921875,260000,-0.0010737589261899938,0.00700304064517044,7.04
2024-05-28,22888.150390625,22998.55078125,22858.5,22977.150390625,217900,-0.0019317094176221072,0.006964129850167703,6.94
2024-05-29,22704.69921875,22825.5,22685.44921875,22762.75,269900,-0.008015115627261094,0.006856696558238028,6.68
2024-05-30,22488.650390625,22705.75,22417.0,22617.44921875,373400,-0.009515599658179275,0.0067793470974194334,6.49
2024-05-31,22530.69921875,22653.75,22465.099609375,22568.099609375,572100,0.0018697799732139142,0.006690268698675881,6.27
2024-06-03,23263.900390625,23338.69921875,23062.30078125,23337.900390625,569400,0.03254231769535276,0.008732419940713521,11.28
2024-06-04,21884.5,23179.5,21281.44921875,23179.5,1006100,-0.05929359941641077,0.01412539945017752,24.5
2024-06-05,22620.349609375,22670.400390625,21791.94921875,22128.349609375,638500,0.033624236760035675,0.015355297009301066,27.52
2024-06-06,22821.400390625,22910.150390625,22642.599609375,22798.599609375,480400,0.008888049244237806,0.015430466926785938,27.7
2024-06-07,23290.150390625,23320.19921875,22789.05078125,22821.849609375,473600,0.020539931466807104,0.015846787313980742,28.72
2024-06-10,23259.19921875,23411.900390625,23227.150390625,23319.150390625,304400,-0.0013289382574128705,0.015811953702500468,28.63
2024-06-11,23264.849609375,23389.44921875,23206.650390625,23283.75,305200,0.0002429314342191624,0.015744776963498918,28.47
2024-06-12,23322.94921875,23441.94921875,23295.94921875,23344.44921875,295600,0.002497312914139238,0.01566275220654319,28.27
2024-06-13,23398.900390625,23481.05078125,23353.900390625,23480.94921875,268300,0.0032564994745150067,0.01565825315627491,28.26
2024-06-14,23465.599609375,23490.400390625,23334.25,23464.94921875,223100,0.0028505279152657437,0.015660506310061047,28.26
2024-06-18,23557.900390625,23579.05078125,23499.69921875,23570.80078125,272200,0.003933450786960613,0.015575551473126973,28.06
2024-06-19,23516.0,23664.0,23412.900390625,23629.849609375,328800,-0.0017786131162043084,0.015577776180573582,28.06
2024-06-20,23567.0,23624.0,23442.599609375,23586.150390625,280300,0.0021687361796223215,0.015505761545220067,27.88
2024-06-21,23501.099609375,23667.099609375,23398.19921875,23661.150390625,609900,-0.00279629951309035,0.015526328288972515,27.93
2024-06-24,23537.849609375,23558.099609375,23350.0,23382.30078125,239400,0.00156375661610908,0.01517813398212753,27.08
2024-06-25,23721.30078125,23754.150390625,23562.05078125,23577.099609375,298100,0.007793879853915442,0.015205716033579788,27.15
2024-06-26,23868.80078125,23889.900390625,23670.44921875,23723.099609375,287800,0.006218040121837909,0.015220286537390772,27.18
2024-06-27,24044.5,24087.44921875,23805.400390625,23881.55078125,515200,0.007361040898544724,0.015238024480027795,27.23
2024-06-28,24010.599609375,24174.0,23985.80078125,24085.900390625,354800,-0.0014099020825968367,0.015243502027220343,27.24
2024-07-01,24141.94921875,24164.0,23992.69921875,23992.94921875,0,0.005470484349075377,0.01520471020749634,27.15
2024-07-02,24123.849609375,24236.349609375,24056.400390625,24228.75,0,-0.0007497161563467802,0.01521698002045638,27.18
2024-07-03,24286.5,24309.150390625,24207.099609375,24291.75,0,0.006742306607722792,0.015236761521028869,27.22
2024-07-04,24302.150390625,24401.0,24281.0,24369.94921875,251200,0.0006444070008029268,0.015240753335421022,27.23
2024-07-05,24323.849609375,24363.0,24168.849609375,24213.349609375,298400,0.0008928929498506211,0.015016904285225275,26.69
2024-07-08,24320.55078125,24344.599609375,24240.55078125,24329.44921875,266300,-0.00013562113637344275,0.015015173619854763,26.68
2024-07-09,24433.19921875,24443.599609375,24331.900390625,24351.0,250500,0.004631820986013446,0.015010563458024597,26.67
2024-07-10,24324.44921875,24461.05078125,24141.80078125,24459.849609375,292300,-0.004450911197766749,0.01504163880330751,26.75
2024-07-11,24315.94921875,24402.650390625,24193.75,24396.55078125,306400,-0.0003494426502141934,0.014927824694968925,26.47
2024-07-12,24502.150390625,24592.19921875,24331.150390625,24387.94921875,325800,0.007657573644356042,0.01478381665109513,26.11
2024-07-15,24586.69921875,24635.05078125,24522.75,24587.599609375,305400,0.003450669707641296,0.014782577564201751,26.11
2024-07-16,24613.0,24661.25,24587.650390625,24615.900390625,283200,0.0010697158254551198,0.013691925064818035,23.44
2024-07-18,24800.849609375,24837.75,24504.44921875,24543.80078125,350900,0.007632129743428306,0.0073476606786565994,7.88
2024-07-19,24530.900390625,24854.80078125,24508.150390625,24853.80078125,343800,-0.010884676251089243,0.005451260343661334,3.24
2024-07-22,24509.25,24595.19921875,24362.30078125,24445.75,324200,-0.0008825762723847497,0.0053612172087915124,3.02
2024-07-23,24479.05078125,24582.55078125,24074.19921875,24568.900390625,436400,-0.0012321559717249908,0.004159143759472504,0.07
2024-07-24,24413.5,24504.25,24307.25,24444.94921875,366600,-0.002677831825905974,0.004199767352837734,0.17
2024-07-25,24406.099609375,24426.150390625,24210.80078125,24230.94921875,391800,-0.0003031269840456652,0.004207137765449392,0.19
2024-07-26,24834.849609375,24861.150390625,24410.900390625,24423.349609375,383800,0.01756732976027453,0.005118240784336186,2.42
2024-07-29,24836.099609375,24999.75,24774.599609375,24943.30078125,355000,5.03324972633834e-05,0.005126908872357484,2.44
2024-07-30,24857.30078125,24971.75,24798.650390625,24839.400390625,385000,0.0008536433743000504,0.005128469826630538,2.44
2024-07-31,24951.150390625,24984.599609375,24856.5,24886.69921875,333600,0.00377553501085659,0.005126428569718706,2.44
2024-08-01,25010.900390625,25078.30078125,24956.400390625,25030.94921875,431300,0.0023946791656728195,0.0050787292278828295,2.32
2024-08-02,24717.69921875,24851.900390625,24686.849609375,24789.0,345000,-0.011722935491954689,0.005668372943016448,3.77
2024-08-05,24055.599609375,24350.05078125,23893.69921875,24302.849609375,487000,-0.02678645789462286,0.007654933819954147,8.64
2024-08-06,23992.55078125,24382.599609375,23960.400390625,24189.849609375,312300,-0.0026209626510589334,0.007678743281680486,8.7
2024-08-07,24297.5,24337.69921875,24184.900390625,24289.400390625,317600,0.012710162480444431,0.007885763605414752,9.2
2024-08-08,24117.0,24340.5,24079.69921875,24248.55078125,311900,-0.007428747813561065,0.007957550821135372,9.38
2024-08-09,24367.5,24419.75,24311.19921875,24386.849609375,215100,0.010386864037815746,0.008067558145518261,9.65
2024-08-12,24347.0,24472.80078125,24212.099609375,24320.05078125,279900,-0.0008412844977941925,0.008063640372901793,9.64
2024-08-13,24139.0,24359.94921875,24116.5,24342.349609375,239700,-0.008543146999630324,0.008170692693249037,9.9
2024-08-14,24143.75,24196.5,24099.69921875,24184.400390625,303300,0.00019677699987563635,0.008169411987790939,9.9
2024-08-16,24541.150390625,24563.900390625,24204.5,24334.849609375,271600,0.016459762490292462,0.008623529957844756,11.01
2024-08-19,24572.650390625,24638.80078125,24522.94921875,24636.349609375,243600,0.0012835584110202358,0.008624985383910586,11.02
2024-08-20,24698.849609375,24734.30078125,24607.19921875,24648.900390625,238300,0.005135759339910173,0.008667938911484029,11.12
2024-08-21,24770.19921875,24787.94921875,24654.5,24680.55078125,257100,0.0028887826964991703,0.008677314047099155,11.14
2024-08-22,24811.5,24867.349609375,24784.44921875,24863.400390625,220300,0.001667357653657442,0.008647202322198884,11.07
2024-08-23,24823.150390625,24858.400390625,24771.650390625,24845.400390625,206800,0.00046955607782672715,0.008595615897560834,10.94
2024-08-26,25010.599609375,25043.80078125,24874.69921875,24906.099609375,210300,0.007551387144671073,0.008682552224543703,11.16
2024-08-27,25017.75,25073.099609375,24973.650390625,25024.80078125,223300,0.0002858944102370753,0.008590762818488211,10.93
2024-08-28,25052.349609375,25129.599609375,24964.650390625,25030.80078125,220400,0.0013830024432652799,0.008576466708452773,10.9
2024-08-29,25151.94921875,25192.900390625,24998.5,25035.30078125,354000,0.00397565940632294,0.008597622920112806,10.95
2024-08-30,25235.900390625,25268.349609375,25199.400390625,25249.69921875,638200,0.003337760073577778,0.008514576712031208,10.75
2024-09-02,25278.69921875,25333.650390625,25235.5,25333.599609375,222800,0.001695950113232314,0.008233850912774437,10.06
2024-09-03,25279.849609375,25321.69921875,25235.80078125,25313.400390625,212100,4.550829989491412e-05,0.008228141813285272,10.04
2024-09-04,25198.69921875,25216.0,25083.80078125,25089.94921875,253800,-0.0032100820170585243,0.008255066037373311,10.11
2024-09-05,25145.099609375,25275.44921875,25127.75,25250.5,222200,-0.0021270784221717465,0.008247215023900025,10.09
2024-09-06,24852.150390625,25168.75,24801.30078125,25093.69921875,311700,-0.011650350298901935,0.00856400522220709,10.87
2024-09-09,24936.400390625,24957.5,24753.150390625,24823.400390625,254400,0.003390048695012693,0.007968119432000941,9.41
2024-09-10,25041.099609375,25130.5,24896.80078125,24999.400390625,251300,0.0041986500501236534,0.0080019495723165,9.49
2024-09-11,24918.44921875,25113.69921875,24885.150390625,25034.0,279200,-0.004897963449619458,0.00805706767369375,9.62
2024-09-12,25388.900390625,25433.349609375,24941.44921875,25059.650390625,380100,0.01887963282727112,0.00873701596505307,11.29
2024-09-13,25356.5,25430.5,25292.44921875,25430.44921875,250800,-0.0012761636040355961,0.008736965058606858,11.29
2024-09-16,25383.75,25445.69921875,25336.19921875,25406.650390625,168700,0.0010746751326089488,0.008426788466167406,10.53
2024-09-17,25418.55078125,25441.650390625,25352.25,25416.900390625,216000,0.0013709866056039743,0.006605574689957179,6.07
2024-09-18,25377.55078125,25482.19921875,25285.55078125,25402.400390625,215700,-0.0016129951842196455,0.006584527935251105,6.01
2024-09-19,25415.80078125,25611.94921875,25376.05078125,25487.05078125,314500,0.0015072376499098983,0.00625957456395025,5.22
2024-09-20,25790.94921875,25849.25,25426.599609375,25525.94921875,533100,0.014760441377741573,0.006473041109279607,5.74
2024-09-23,25939.05078125,25956.0,25847.349609375,25872.55078125,209200,0.005742385099666292,0.006325823772099539,5.38
2024-09-24,25940.400390625,26011.55078125,25886.849609375,25921.44921875,384100,5.2030021699067674e-05,0.006313568673065698,5.35
2024-09-25,26004.150390625,26032.80078125,25871.349609375,25899.44921875,278500,0.0024575565157058943,0.005982825091526884,4.54
2024-09-26,26216.05078125,26250.900390625,25998.400390625,26005.400390625,370900,0.008148714241454025,0.006052950565883389,4.71
2024-09-27,26178.94921875,26277.349609375,26151.400390625,26248.25,490300,-0.0014152231703233875,0.005514339398460034,3.39
2024-09-30,25810.849609375,26134.69921875,25794.099609375,26061.30078125,343100,-0.014060900852023384,0.006260580423029339,5.22
2024-10-01,25796.900390625,25907.599609375,25739.19921875,25788.44921875,247400,-0.0005404401234794243,0.006237611673891477,5.16
2024-10-03,25250.099609375,25639.44921875,25230.30078125,25452.849609375,423400,-0.021196375260987388,0.00747577350826588,8.2
2024-10-04,25014.599609375,25485.05078125,24966.80078125,25181.900390625,374900,-0.009326695880144675,0.007691397937250351,8.73
2024-10-07,24795.75,25143.0,24694.349609375,25084.099609375,374300,-0.008748875168602677,0.007866557498211524,9.16
2024-10-08,25013.150390625,25044.0,24756.80078125,24832.19921875,333200,0.00876764730346924,0.007909868637199134,9.26
2024-10-09,24981.94921875,25234.05078125,24947.69921875,25065.80078125,290600,-0.0012473907279866303,0.007913135789657614,9.27
2024-10-10,24998.44921875,25134.05078125,24979.400390625,25067.05078125,261400,0.0006604768849507447,0.007909825361301102,9.26
2024-10-11,24964.25,25028.650390625,24920.05078125,24985.30078125,210500,-0.0013680536120755926,0.007876339624864961,9.18
2024-10-14,25127.94921875,25159.75,25017.5,25023.44921875,206400,0.006557345754428789,0.007948089989004675,9.36
2024-10-15,25057.349609375,25212.05078125,25008.150390625,25186.30078125,257200,-0.0028096049048969007,0.00795530798077156,9.37
2024-10-16,24971.30078125,25093.400390625,24908.44921875,25008.55078125,226800,-0.0034340754096676696,0.007976001284873009,9.43
2024-10-17,24749.849609375,25029.5,24728.900390625,25027.400390625,252800,-0.008868227322834543,0.0081110226604346,9.76
2024-10-18,24854.05078125,24886.19921875,24567.650390625,24664.94921875,290900,0.004210173941240125,0.0081514160299223,9.86
2024-10-21,24781.099609375,24978.30078125,24679.599609375,24956.150390625,242000,-0.00293518237799828,0.007885992015177007,9.2
2024-10-22,24472.099609375,24882.0,24445.80078125,24798.650390625,279500,-0.012469180337869368,0.00817272371516731,9.91
2024-10-23,24435.5,24604.25,24378.099609375,24378.150390625,284600,-0.001495564743491773,0.008123553933086908,9.79
2024-10-24,24399.400390625,24480.650390625,24341.19921875,24412.69921875,216700,-0.0014773427748562273,0.008087743550790965,9.7
2024-10-25,24180.80078125,24440.25,24073.900390625,24418.05078125,372600,-0.008959220549493163,0.007328825779388522,7.84
2024-10-28,24339.150390625,24492.599609375,24134.900390625,24251.099609375,278600,0.0065485676346082045,0.007478375217408794,8.21
2024-10-29,24466.849609375,24484.5,24140.849609375,24328.849609375,332000,0.0052466588480091225,0.007563077695050864,8.41
2024-10-30,24340.849609375,24498.19921875,24307.30078125,24371.44921875,285200,-0.005149825253829232,0.0075803879562155625,8.46
2024-10-31,24205.349609375,24372.44921875,24172.599609375,24349.849609375,287000,-0.005566773640794054,0.007618221223361674,8.55
2024-11-01,24304.349609375,24368.25,24280.19921875,24302.75,38800,0.004090004961616156,0.0076683554770743826,8.67
2024-11-04,23995.349609375,24316.75,23816.150390625,24315.75,285500,-0.0127137736646451,0.0072958203787111256,7.76
2024-11-05,24213.30078125,24229.05078125,23842.75,23916.5,289500,0.00908305881860727,0.007447923611518308,8.13
2024-11-06,24484.05078125,24537.599609375,24204.05078125,24308.75,351100,0.011181870759630508,0.007834503251957786,9.08
2024-11-07,24199.349609375,24503.349609375,24179.05078125,24489.599609375,322200,-0.011628025706147627,0.007985321776159281,9.45
2024-11-08,24148.19921875,24276.150390625,24066.650390625,24207.69921875,298700,-0.002113709312467793,0.007735348857983797,8.84
2024-11-11,24141.30078125,24336.80078125,24004.599609375,24087.25,273400,-0.00028567088740283353,0.0077445916480305054,8.86
2024-11-12,23883.44921875,24242.0,23839.150390625,24225.80078125,255800,-0.010680930776533315,0.007596306744614976,8.49
2024-11-13,23559.05078125,23873.599609375,23509.599609375,23822.44921875,304600,-0.013582562322921432,0.007846094027968023,9.11
2024-11-14,23532.69921875,23675.900390625,23484.150390625,23542.150390625,257700,-0.0011185324376894457,0.007056135956279138,7.17
2024-11-18,23453.80078125,23606.80078125,23350.400390625,23605.30078125,263300,-0.0033527151631265184,0.006934866903659688,6.87
2024-11-19,23518.5,23780.650390625,23464.80078125,23529.55078125,297500,0.002758581406631766,0.006873660629510278,6.72
2024-11-21,23349.900390625,23507.30078125,23263.150390625,23488.44921875,420300,-0.007168807933116472,0.006645755042536794,6.16
2024-11-22,23907.25,23956.099609375,23359.0,23411.80078125,367600,0.023869464111237804,0.008183232811491676,9.93
2024-11-25,24221.900390625,24351.55078125,24135.44921875,24253.55078125,687200,0.013161295867362366,0.00860108279949685,10.96
2024-11-26,24194.5,24343.30078125,24125.400390625,24343.30078125,230700,-0.0011312238174179257,0.008600856921274344,10.96
2024-11-27,24274.900390625,24354.55078125,24145.650390625,24204.80078125,295000,0.003323085437806128,0.008522675487272938,10.77
2024-11-28,23914.150390625,24345.75,23873.349609375,24274.150390625,366700,-0.014861029054492936,0.008881731959676625,11.65
2024-11-29,24131.099609375,24188.44921875,23927.150390625,23927.150390625,282100,0.009072001940535257,0.009079944011095626,12.13
2024-12-02,24276.05078125,24301.69921875,24008.650390625,24140.849609375,220400,0.006006820004948565,0.009047223812665364,12.05
2024-12-03,24457.150390625,24481.349609375,24280.0,24367.5,339500,0.007460011144599932,0.009125975554918682,12.24
2024-12-04,24467.44921875,24573.19921875,24366.30078125,24488.75,348000,0.00042109681465385407,0.009115612543678646,12.22
2024-12-05,24708.400390625,24857.75,24295.55078125,24539.150390625,361500,0.009847825562885104,0.009005348640250365,11.95
2024-12-06,24677.80078125,24751.05078125,24620.5,24729.44921875,226700,-0.0012384293961259507,0.009003644348919605,11.94
2024-12-09,24619.0,24705.0,24580.05078125,24633.900390625,248100,-0.0023827399277279726,0.00901155732563061,11.96
2024-12-10,24610.05078125,24677.80078125,24510.650390625,24652.650390625,261000,-0.0003635086213900074,0.008840794559164476,11.55
2024-12-11,24641.80078125,24691.75,24583.849609375,24620.5,187300,0.0012901233029631864,0.008771143031084545,11.37
2024-12-12,24548.69921875,24675.25,24527.94921875,24604.44921875,266100,-0.003778196379659149,0.008755676912790923,11.34
2024-12-13,24768.30078125,24792.30078125,24180.80078125,24498.349609375,310100,0.008945547808588916,0.008839358409172826,11.54
2024-12-16,24668.25,24781.25,24601.75,24753.400390625,187600,-0.004039468921733236,0.008806846608675867,11.46
2024-12-17,24336.0,24624.099609375,24303.44921875,24584.80078125,264900,-0.013468730047733413,0.00914849289493501,12.3
2024-12-18,24198.849609375,24394.44921875,24149.849609375,24297.94921875,235300,-0.005635699812006956,0.008894822516807751,11.68
2024-12-19,23951.69921875,24004.900390625,23870.30078125,23877.150390625,271100,-0.010213311567061067,0.008936855339976818,11.78
2024-12-20,23587.5,24065.80078125,23537.349609375,23960.69921875,442700,-0.01520556915080562,0.009063084739728746,12.09
2024-12-23,23753.44921875,23869.55078125,23647.19921875,23738.19921875,189800,0.0070354729729729115,0.008962815503261392,11.84
2024-12-24,23727.650390625,23867.650390625,23685.150390625,23769.099609375,177700,-0.0010861087115143775,0.008958718533671198,11.83
2024-12-26,23750.19921875,23854.5,23653.599609375,23775.80078125,177700,0.0009503186263191132,0.008962801625374994,11.84
2024-12-27,23813.400390625,23938.849609375,23800.599609375,23801.400390625,176800,0.002661079652128029,0.00876941705204959,11.37
2024-12-30,23644.900390625,23915.349609375,23599.30078125,23796.900390625,364900,-0.007075847935867907,0.008499775138463521,10.71
2024-12-31,23644.80078125,23689.849609375,23460.44921875,23560.599609375,193600,-4.212721278373799e-06,0.008496447089496335,10.7
2025-01-01,23742.900390625,23822.80078125,23562.80078125,23637.650390625,154900,0.004148887118253564,0.008498876930541775,10.71
2025-01-02,24188.650390625,24226.69921875,23751.55078125,23783.0,283200,0.018774033191665485,0.009128965047178143,12.25
2025-01-03,24004.75,24196.44921875,23976.0,24196.400390625,312300,-0.007602755327609123,0.009142650978728222,12.29
2025-01-06,23616.05078125,24089.94921875,23551.900390625,24045.80078125,278100,-0.016192595996625703,0.00859056674549628,10.93
2025-01-07,23707.900390625,23795.19921875,23637.80078125,23679.900390625,262300,0.0038892874268343647,0.008246768610239503,10.09
2025-01-08,23688.94921875,23751.849609375,23496.150390625,23746.650390625,266400,-0.0007993610384197103,0.008246367532450862,10.09
2025-01-09,23526.5,23689.5,23503.05078125,23674.75,269200,-0.006857594959147506,0.008285730480212548,10.18
2025-01-10,23431.5,23596.599609375,23344.349609375,23551.900390625,261000,-0.004037999702463213,0.007887925409271834,9.21
2025-01-13,23085.94921875,23340.94921875,23047.25,23195.400390625,316500,-0.014747275302477436,0.00807229814438184,9.66
2025-01-14,23176.05078125,23264.94921875,23134.150390625,23165.900390625,311200,0.003902874499386977,0.008014271058088244,9.52
2025-01-15,23213.19921875,23293.650390625,23146.44921875,23250.44921875,228000,0.0016028803979861728,0.007857947677916546,9.14
2025-01-16,23311.80078125,23391.650390625,23272.05078125,23377.25,299400,0.004247650725383689,0.007924485503897162,9.3
2025-01-17,23203.19921875,23292.099609375,23100.349609375,23277.099609375,272900,-0.004658651792672774,0.007640551125647845,8.6
2025-01-20,23344.75,23391.099609375,23170.650390625,23290.400390625,301500,0.006100485537167577,0.00778405597564783,8.95
2025-01-21,23024.650390625,23426.30078125,22976.849609375,23421.650390625,312900,-0.013711845677293555,0.00808142736585106,9.68
2025-01-22,23155.349609375,23169.55078125,22981.30078125,23099.150390625,276000,0.0056764909144164655,0.008203020439837538,9.98
2025-01-23,23205.349609375,23270.80078125,23090.650390625,23128.30078125,275600,0.0021593282262408753,0.00821655253868001,10.01
2025-01-24,23092.19921875,23347.30078125,23050.0,23183.900390625,264300,-0.004876047658393667,0.00822733351481256,10.04
2025-01-27,22829.150390625,23007.44921875,22786.900390625,22940.150390625,257400,-0.011391241935562957,0.008131303373918914,9.81
2025-01-28,22957.25,23137.94921875,22857.650390625,22960.44921875,361900,0.005611229817278129,0.00826553348860965,10.13
2025-01-29,23163.099609375,23183.349609375,22976.5,23026.75,226300,0.008966649288351114,0.008240711362111606,10.07
2025-01-30,23249.5,23322.05078125,23139.19921875,23169.5,361900,0.003730087599762788,0.008260416824135123,10.12
2025-01-31,23508.400390625,23546.80078125,23277.400390625,23296.75,304900,0.011135740150325812,0.008384742069573473,10.43
2025-02-01,23482.150390625,23632.44921875,23318.30078125,23528.599609375,281000,-0.0011166221250199504,0.007919457294001224,9.29
2025-02-03,23361.05078125,23381.599609375,23222.0,23319.349609375,329700,-0.005157091976693451,0.00785221346834077,9.12
2025-02-04,23739.25,23762.75,23423.150390625,23509.900390625,376700,0.016189306820631133,0.008422414926072472,10.52
2025-02-05,23696.30078125,23807.30078125,23680.44921875,23801.75,267000,-0.001809207062143936,0.008427317093851614,10.53
2025-02-06,23603.349609375,23773.55078125,23556.25,23761.94921875,307000,-0.003922602634608197,0.008440227746530662,10.56
2025-02-07,23559.94921875,23694.5,23443.19921875,23649.5,368100,-0.0018387386257991967,0.008348068870507997,10.34
2025-02-10,23381.599609375,23568.599609375,23316.30078125,23543.80078125,234200,-0.007570033692307909,0.008459047151981768,10.61
2025-02-11,23071.80078125,23390.05078125,22986.650390625,23383.55078125,268000,-0.013249684936046169,0.008732777930838724,11.28
2025-02-12,23045.25,23144.69921875,22798.349609375,23050.80078125,279700,-0.0011507892904301098,0.007901566761807777,9.24
2025-02-13,23031.400390625,23235.5,22992.19921875,23055.75,265700,-0.0006009745771905495,0.007820607559070372,9.04
2025-02-14,22929.25,23133.69921875,22774.849609375,23096.44921875,254500,-0.004435266153706374,0.0073303455730626375,7.84
2025-02-17,22959.5,22974.19921875,22725.44921875,22809.900390625,207400,0.0013192755977626813,0.0072866392583594555,7.74
2025-02-18,22945.30078125,22992.5,22801.5,22963.650390625,210600,-0.0006184463402948426,0.0072869226793742985,7.74
2025-02-19,22932.900390625,23049.94921875,22814.849609375,22847.25,207000,-0.0005404326900405598,0.0072037209337555965,7.53
2025-02-20,22913.150390625,22923.849609375,22812.75,22821.099609375,240800,-0.0008612081186238907,0.007178186497571676,7.47
2025-02-21,22795.900390625,22921.0,22720.30078125,22857.19921875,242800,-0.005117148798882476,0.006730662532963902,6.37
2025-02-24,22553.349609375,22668.05078125,22518.80078125,22609.349609375,214300,-0.010640105330068539,0.006930848808631252,6.86
2025-02-25,22547.55078125,22625.30078125,22513.900390625,22516.44921875,250300,-0.00025711604818956513,0.006916136830466495,6.83
2025-02-27,22545.05078125,22613.30078125,22508.400390625,22568.94921875,289200,-0.00011087678764998277,0.006848719164119494,6.66
2025-02-28,22124.69921875,22450.349609375,22104.849609375,22433.400390625,551300,-0.018644959666695105,0.007540973100227079,8.36
2025-03-03,22119.30078125,22261.55078125,22004.69921875,22194.55078125,282400,-0.00024400049223838316,0.007406562505585926,8.03
2025-03-04,22082.650390625,22105.05078125,21964.599609375,21974.44921875,253300,-0.0016569416451024388,0.007054956525590488,7.17
2025-03-05,22337.30078125,22394.900390625,22067.80078125,22073.05078125,305900,0.011531695069225467,0.007332090980907897,7.85
2025-03-06,22544.69921875,22556.44921875,22245.849609375,22476.349609375,372100,0.009284847776867,0.007555736862265932,8.39
2025-03-07,22552.5,22633.80078125,22464.75,22508.650390625,289800,0.00034601398645017767,0.00752188194740993,8.31
2025-03-10,22460.30078125,22676.75,22429.05078125,22521.849609375,293900,-0.004088203913091726,0.007280269589449804,7.72
2025-03-11,22497.900390625,22522.099609375,22314.69921875,22345.94921875,347900,0.0016740474556060647,0.007201040962051507,7.53
2025-03-12,22470.5,22577.400390625,22329.55078125,22536.349609375,369700,-0.0012179087892316698,0.006968430938813119,6.96
2025-03-13,22397.19921875,22558.05078125,22377.349609375,22541.5,287500,-0.003262089461738671,0.006921965407156344,6.84
2025-03-17,22508.75,22577.0,22353.150390625,22353.150390625,251100,0.004980568336268254,0.006628055041110525,6.12
2025-03-18,22834.30078125,22857.80078125,22599.19921875,22662.25,272600,0.01446329899483545,0.007235663940844102,7.61
2025-03-19,22907.599609375,22940.69921875,22807.94921875,22874.94921875,324000,0.0032100316461272094,0.007227438794025467,7.59
2025-03-20,23190.650390625,23216.69921875,22973.94921875,23036.599609375,313700,0.012356195589090069,0.006948377739570988,6.91
2025-03-21,23350.400390625,23402.69921875,23132.80078125,23168.25,541000,0.0068885519512889015,0.007083057772127667,7.24
2025-03-24,23658.349609375,23708.75,23433.5,23515.400390625,311900,0.013188177230298859,0.007473268897971597,8.19
2025-03-25,23668.650390625,23869.599609375,23601.400390625,23751.5,338200,0.00043539728764163677,0.007464405647081968,8.17
2025-03-26,23486.849609375,23736.5,23451.69921875,23700.94921875,278600,-0.007681079328545448,0.007468407994974885,8.18
2025-03-27,23591.94921875,23646.44921875,23412.19921875,23433.94921875,510300,0.004474827877002596,0.007059526999813311,7.18
2025-03-28,23519.349609375,23649.19921875,23450.19921875,23600.400390625,295400,-0.0030773044101545244,0.007086290170785671,7.24
2025-04-01,23165.69921875,23565.150390625,23136.400390625,23341.099609375,314300,-0.015036571865236992,0.007645927094636296,8.62
2025-04-02,23332.349609375,23350.0,23158.44921875,23192.599609375,341000,0.0071938424586863725,0.007696286353965208,8.74
2025-04-03,23250.099609375,23306.5,23145.80078125,23150.30078125,283200,-0.0035251486188494496,0.007731626773923383,8.83
2025-04-04,22904.44921875,23214.69921875,22857.44921875,23190.400390625,466800,-0.014866619775066536,0.008221511597461517,10.03
2025-04-07,22161.599609375,22254.0,21743.650390625,21758.400390625,647100,-0.03243254628305536,0.010130488945692174,14.71
2025-04-08,22535.849609375,22697.19921875,22270.849609375,22446.75,468300,0.016887318902814252,0.010649266803068231,15.98
2025-04-09,22399.150390625,22468.69921875,22353.25,22460.30078125,383800,-0.006065856008070525,0.01066485343105914,16.02
2025-04-11,22828.55078125,22923.900390625,22695.400390625,22695.400390625,402200,0.019170387409190415,0.01107137943696743,17.01
2025-04-15,23328.55078125,23368.349609375,23207.0,23368.349609375,388300,0.02190239778210845,0.011740597967337734,18.65
2025-04-16,23437.19921875,23452.19921875,23273.05078125,23344.099609375,348400,0.004657316201027051,0.011754470502199391,18.69
2025-04-17,23851.650390625,23872.349609375,23298.55078125,23401.849609375,505300,0.017683476937954135,0.011490647959532745,18.04
2025-04-21,24125.55078125,24189.55078125,23903.650390625,23949.150390625,406100,0.011483498464016417,0.011590579045651755,18.29
2025-04-22,24167.25,24242.599609375,24072.0,24185.400390625,440900,0.0017284255654137493,0.011560485347319079,18.21
2025-04-23,24328.94921875,24359.30078125,24119.94921875,24357.599609375,415000,0.006690840652122221,0.011471838446045327,17.99
2025-04-24,24246.69921875,24347.849609375,24216.150390625,24277.900390625,358800,-0.0033807460922566923,0.011462382544383521,17.97
2025-04-25,24039.349609375,24365.44921875,23847.849609375,24289.0,387700,-0.00855166336268387,0.011633676839401731,18.39
2025-04-28,24328.5,24355.099609375,24054.05078125,24070.25,320500,0.012028211882747275,0.011705363935697589,18.57
2025-04-29,24335.94921875,24457.650390625,24290.75,24370.69921875,357600,0.0003061930965739812,0.011712294293640773,18.58
2025-04-30,24334.19921875,24396.150390625,24198.75,24342.05078125,424500,-7.191007773188485e-05,0.011700980137630495,18.56
2025-05-02,24346.69921875,24589.150390625,24238.5,24311.900390625,421100,0.0005136803511647248,0.01165456507594669,18.44
2025-05-05,24461.150390625,24526.400390625,24400.650390625,24419.5,291500,0.004700890697612925,0.011652915256949049,18.44
2025-05-06,24379.599609375,24509.650390625,24331.80078125,24500.75,302400,-0.0033338898599493128,0.011492827821292243,18.05
2025-05-07,24414.400390625,24449.599609375,24220.0,24233.30078125,330100,0.0014274549954715887,0.011492297023518545,18.05
2025-05-08,24273.80078125,24447.25,24150.19921875,24431.5,411400,-0.005758880297096702,0.011415357048502993,17.86
2025-05-09,24008.0,24164.25,23935.75,23935.75,335600,-0.0109501096942064,0.01159284718532586,18.29
2025-05-12,24924.69921875,24944.80078125,24378.849609375,24420.099609375,368700,0.038183073090219954,0.013275680030128887,22.42
2025-05-13,24578.349609375,24973.80078125,24547.5,24864.05078125,423000,-0.01389583907654357,0.013581706699799396,23.17
2025-05-14,24666.900390625,24767.55078125,24535.55078125,24613.80078125,345500,0.0036027960647213586,0.013478927250379158,22.92
2025-05-15,25062.099609375,25116.25,24494.44921875,24694.44921875,500800,0.01602143814146184,0.013722864684586751,23.51
2025-05-16,25019.80078125,25070.0,24953.05078125,25064.650390625,432700,-0.0016877607536591732,0.013707096120273154,23.47
2025-05-19,24945.44921875,25062.94921875,24916.650390625,25005.349609375,255300,-0.0029717088137536374,0.013357875321223157,22.62
2025-05-20,24683.900390625,25010.349609375,24669.69921875,24996.19921875,414800,-0.010484831354666824,0.013535009652663705,23.05
2025-05-21,24813.44921875,24946.19921875,24685.349609375,24744.25,332700,0.00524831270888626,0.013507004180540015,22.98
2025-05-22,24609.69921875,24737.5,24462.400390625,24733.94921875,403300,-0.008211272774042211,0.013268569390742037,22.4
2025-05-23,24853.150390625,24909.05078125,24614.05078125,24639.5,270500,0.009892488718005854,0.011569623371390027,18.23
2025-05-26,25001.150390625,25079.19921875,24900.5,24919.349609375,302800,0.005954979456279652,0.011315576367654371,17.61
2025-05-27,24826.19921875,25062.900390625,24704.099609375,24956.650390625,525700,-0.0069977248703164685,0.011344062882451421,17.68
2025-05-28,24752.44921875,24864.25,24737.05078125,24832.5,684400,-0.0029706520659956714,0.01100433183086187,16.85
2025-05-29,24833.599609375,24892.599609375,24677.30078125,24825.099609375,345400,0.003278479228775888,0.01039560327840999,15.36
2025-05-30,24750.69921875,24863.94921875,24717.400390625,24812.599609375,853900,-0.00333823496911434,0.010431214423743573,15.44
2025-06-02,24716.599609375,24754.400390625,24526.150390625,24669.69921875,311100,-0.0013777230725331435,0.010006751255168849,14.4
2025-06-03,24542.5,24845.099609375,24502.150390625,24786.30078125,349300,-0.007043833380258491,0.009923876989748658,14.2
2025-06-04,24620.19921875,24644.25,24530.44921875,24560.44921875,280900,0.003165904807986175,0.009932887887462888,14.22
2025-06-05,24750.900390625,24899.849609375,24613.099609375,24691.19921875,388400,0.005308696762106768,0.009907152721699926,14.16
2025-06-06,25003.05078125,25029.5,24671.44921875,24748.69921875,335600,0.01018752395450262,0.010027184187858225,14.45
2025-06-09,25103.19921875,25160.099609375,25077.150390625,25160.099609375,279200,0.004005448710087123,0.009872481178226793,14.07
2025-06-10,25104.25,25199.30078125,25055.44921875,25196.05078125,307300,4.18584595869298e-05,0.009671839146873959,13.58
2025-06-11,25141.400390625,25222.400390625,25081.30078125,25134.150390625,301200,0.0014798446727146697,0.009670926752421928,13.58
2025-06-12,24888.19921875,25196.19921875,24825.900390625,25164.44921875,328300,-0.010071084662786611,0.009883767887794765,14.1
2025-06-13,24718.599609375,24754.349609375,24473.0,24473.0,318700,-0.006814458847919758,0.009981095405837137,14.34
2025-06-16,24946.5,24967.099609375,24703.599609375,24732.349609375,305800,0.00921979376770854,0.010079465257377596,14.58
2025-06-17,24853.400390625,24982.05078125,24813.69921875,24977.849609375,242400,-0.0037319707924959866,0.010085224278037994,14.6
2025-06-18,24812.05078125,24947.55078125,24750.44921875,24788.349609375,237600,-0.0016637405234334324,0.010093222250081416,14.62
2025-06-19,24793.25,24863.099609375,24733.400390625,24803.25,274600,-0.0007577278241026608,0.010025866030025159,14.45
2025-06-20,25112.400390625,25136.19921875,24783.650390625,24787.650390625,574700,0.01287247095983779,0.010010292212851086,14.41
2025-06-23,24971.900390625,25057.0,24824.849609375,24939.75,248500,-0.0055948454872697395,0.007313176452785467,7.8
2025-06-24,25044.349609375,25317.69921875,24999.69921875,25179.900390625,450200,0.0029012296868362597,0.006832795955488551,6.62
2025-06-25,25244.75,25266.80078125,25125.05078125,25150.349609375,260600,0.008001820520425307,0.006944662491512712,6.9
2025-06-26,25549.0,25565.30078125,25259.900390625,25268.94921875,428900,0.012052010814129765,0.0066772279115400865,6.24
2025-06-27,25637.80078125,25654.19921875,25523.55078125,25576.650390625,564000,0.003475704773181043,0.006681088056159076,6.25
2025-06-30,25517.05078125,25669.349609375,25473.30078125,25661.650390625,271000,-0.004709842354665206,0.006722647044085427,6.35
2025-07-01,25541.80078125,25593.400390625,25501.80078125,25551.349609375,260700,0.0009699396772837598,0.006377367262625297,5.51
2025-07-02,25453.400390625,25608.099609375,25378.75,25588.30078125,309800,-0.0034610085397696055,0.0063830301580188155,5.52
2025-07-03,25405.30078125,25587.5,25384.349609375,25505.099609375,293400,-0.00188971251922454,0.006173856765193421,5.01
2025-07-04,25461.0,25470.25,25331.650390625,25428.849609375,193500,0.0021924250859925998,0.0059508692655720775,4.46
2025-07-07,25461.30078125,25489.80078125,25407.25,25450.44921875,196100,1.1813410706551508e-05,0.005872537450937819,4.27
2025-07-08,25522.5,25548.05078125,25424.150390625,25427.849609375,210400,0.0024036171315751087,0.005700061455542121,3.85
2025-07-09,25476.099609375,25548.69921875,25424.349609375,25514.599609375,239100,-0.00181801902732881,0.005676642474846711,3.79
2025-07-10,25355.25,25524.05078125,25340.44921875,25511.650390625,219600,-0.004743646446198069,0.005752901454097185,3.98
2025-07-11,25149.849609375,25322.44921875,25129.0,25255.5,250000,-0.008100901810276007,0.005931389001624622,4.41
2025-07-14,25082.30078125,25151.099609375,25001.94921875,25149.5,259500,-0.002685854157148504,0.005950828674217317,4.46
2025-07-15,25195.80078125,25245.19921875,25088.44921875,25089.5,241300,0.004525103218794291,0.005818022734099172,4.13
2025-07-16,25212.05078125,25255.30078125,25121.05078125,25196.599609375,228800,0.0006449487413033861,0.005802237680662071,4.1
2025-07-17,25111.44921875,25238.349609375,25101.0,25230.75,243400,-0.003990217351728331,0.005801914912591662,4.1
2025-07-18,24968.400390625,25144.599609375,24918.650390625,25108.55078125,317000,-0.0056965580472427835,0.005608777246572982,3.62
2025-07-21,25090.69921875,25111.400390625,24882.30078125,24999.0,305200,0.004898144302865282,0.005633245400331915,3.68
2025-07-22,25060.900390625,25182.0,25035.55078125,25166.650390625,483700,-0.0011876443882732346,0.005637391579504214,3.69
2025-07-23,25219.900390625,25233.5,25085.5,25139.349609375,271500,0.006344544590244583,0.005751494981353995,3.97
2025-07-24,25062.099609375,25246.25,25018.69921875,25243.30078125,338700,-0.006256994627491075,0.005557334444562258,3.5
2025-07-25,24837.0,25010.349609375,24806.349609375,25010.349609375,278100,-0.008981674037030651,0.005665329346977292,3.76
2025-07-28,24680.900390625,24889.19921875,24646.599609375,24782.44921875,262100,-0.006284962329387578,0.005517012222947601,3.4
2025-07-29,24821.099609375,24847.150390625,24598.599609375,24609.650390625,284700,0.005680474234370125,0.005584805185016554,3.56
2025-07-30,24855.05078125,24902.30078125,24771.94921875,24890.400390625,243900,0.001367835124523431,0.005581618908585333,3.56
2025-07-31,24768.349609375,24956.5,24635.0,24642.25,346300,-0.0034882717656889994,0.0056177743424437685,3.64
2025-08-01,24565.349609375,24784.150390625,24535.05078125,24734.900390625,263400,-0.008195943742782208,0.005255963832125397,2.76
2025-08-04,24722.75,24736.25,24554.0,24596.05078125,259300,0.006407415043054421,0.005328442960611121,2.93
2025-08-05,24649.55078125,24733.099609375,24590.30078125,24720.25,251800,-0.0029608040671041946,0.005313688716516375,2.9
2025-08-06,24574.19921875,24671.400390625,24539.19921875,24641.349609375,225100,-0.003056914228121266,0.005080905981228039,2.33
2025-08-07,24596.150390625,24634.19921875,24344.150390625,24464.19921875,616700,0.0008932609229541644,0.004473327462387897,0.84
2025-08-08,24363.30078125,24585.5,24337.5,24544.25,312600,-0.009466912735407229,0.0046228204075446965,1.2
2025-08-11,24585.05078125,24600.849609375,24347.44921875,24371.5,241100,0.009101804471857822,0.004985046141053497,2.09
2025-08-12,24487.400390625,24702.599609375,24465.650390625,24563.349609375,237000,-0.003971941790719136,0.004991576029949456,2.11
2025-08-13,24619.349609375,24664.55078125,24535.25,24586.19921875,236000,0.005388453516712133,0.005124808889831728,2.44
2025-08-14,24631.30078125,24673.650390625,24596.900390625,24607.25,270200,0.00048543816407109475,0.005130487376127151,2.45
2025-08-18,24876.94921875,25022.0,24852.849609375,24938.19921875,363100,0.009973019276634965,0.00548293246211525,3.31
2025-08-19,24980.650390625,25012.650390625,24873.94921875,24891.349609375,252300,0.004168564680625764,0.005555122843500451,3.49
2025-08-20,25050.55078125,25088.69921875,24929.69921875,24965.80078125,287100,0.0027981813736617234,0.005562990204178105,3.51
2025-08-21,25083.75,25153.650390625,25054.900390625,25142.0,226500,0.0013252889742787488,0.005568992922759348,3.52
2025-08-22,24870.099609375,25084.849609375,24859.150390625,25064.150390625,210200,-0.008517482060098724,0.005708966756284794,3.87
2025-08-25,24967.75,25021.55078125,24894.349609375,24949.150390625,213000,0.003926417350905487,0.005587096582785023,3.57
2025-08-26,24712.05078125,24919.650390625,24689.599609375,24899.5,750500,-0.010241179872034878,0.005865113737959673,4.25
2025-08-28,24500.900390625,24702.650390625,24481.599609375,24695.80078125,326600,-0.008544430103923584,0.005965142384402575,4.5
2025-08-29,24426.849609375,24572.44921875,24404.69921875,24466.69921875,325500,-0.0030223697933294824,0.005969655872124372,4.51
2025-09-01,24625.05078125,24635.599609375,24432.69921875,24432.69921875,229300,0.008114070174605414,0.006168887680819368,5.0
2025-09-02,24579.599609375,24756.099609375,24522.349609375,24653.0,271600,-0.0018457290617897026,0.006099575295641634,4.83
2025-09-03,24715.05078125,24737.05078125,24533.19921875,24616.5,340300,0.0055107151470170646,0.006119280189478667,4.87
2025-09-04,24734.30078125,24980.75,24708.19921875,24980.75,314100,0.0007788776228048189,0.006122021523423869,4.88
2025-09-05,24741.0,24832.349609375,24621.599609375,24818.849609375,210100,0.00027084730671167456,0.005989633189024331,4.56
2025-09-08,24773.150390625,24885.5,24751.55078125,24802.599609375,213200,0.0012994782193525012,0.005902727173740783,4.34
2025-09-09,24868.599609375,24891.80078125,24814.0,24864.099609375,226900,0.003852930178235292,0.005719280458143497,3.89
2025-09-10,24973.099609375,25035.69921875,24915.05078125,24991.0,244100,0.0042020862308871365,0.005638124394452436,3.69
2025-09-11,25005.5,25037.30078125,24940.150390625,24945.5,224600,0.0012974116602184615,0.005552926083922975,3.49
2025-09-12,25114.0,25139.44921875,25038.05078125,25074.44921875,225700,0.004339045410009845,0.005599635981904802,3.6
2025-09-15,25069.19921875,25138.44921875,25048.75,25118.900390625,185400,-0.0017838966811339896,0.005567794137357664,3.52
2025-09-16,25239.099609375,25261.400390625,25070.44921875,25073.599609375,240100,0.006777256391098607,0.00543865722195017,3.2
2025-09-17,25330.25,25346.5,25275.349609375,25276.599609375,268900,0.003611475529465391,0.005364775521197722,3.02
2025-09-18,25423.599609375,25448.94921875,25329.75,25441.05078125,272200,0.0036853015416349333,0.005340286611675155,2.96
2025-09-19,25327.05078125,25428.75,25286.30078125,25410.19921875,380400,-0.0037976065391384095,0.005361574575639855,3.02
2025-09-22,25202.349609375,25331.69921875,25151.05078125,25238.099609375,254500,-0.004923635718664832,0.00547040340970492,3.28
2025-09-23,25169.5,25261.900390625,25084.650390625,25209.0,299200,-0.0013034343973540308,0.005133382527289714,2.46
2025-09-24,25056.900390625,25149.849609375,25027.44921875,25108.75,244400,-0.00447365300760838,0.005000171498386806,2.13
2025-09-25,24890.849609375,25092.69921875,24878.30078125,25034.5,342500,-0.006626948212322681,0.005107077805109859,2.39
2025-09-26,24654.69921875,24868.599609375,24629.44921875,24818.55078125,291500,-0.009487437927231501,0.005338767861905278,2.96
2025-09-29,24634.900390625,24791.30078125,24606.19921875,24728.55078125,394400,-0.0008030448049409777,0.005340423301549623,2.96
2025-09-30,24611.099609375,24731.80078125,24587.69921875,24691.94921875,303000,-0.0009661407544825362,0.004999915398900323,2.13
2025-10-01,24836.30078125,24867.94921875,24605.94921875,24620.55078125,308900,0.009150390492475902,0.005232352933105146,2.7
2025-10-03,24894.25,24904.80078125,24747.55078125,24759.55078125,365900,0.0023332467769816567,0.005223909637717834,2.68
2025-10-06,25077.650390625,25095.94921875,24881.650390625,24916.55078125,268800,0.007367178791287232,0.0053981193218567095,3.11
2025-10-07,25108.30078125,25220.900390625,25076.30078125,25085.30078125,288000,0.0012222193924698033,0.0051552404765894495,2.51
2025-10-08,25046.150390625,25192.5,25008.5,25079.75,227400,-0.0024752925801897474,0.005133716505675128,2.46
2025-10-09,25181.80078125,25199.25,25024.30078125,25074.30078125,286300,0.005416017571936882,0.0048313071768766695,1.72
2025-10-10,25285.349609375,25330.75,25156.849609375,25167.650390625,232900,0.0041120501676790155,0.004545886061792204,1.02
2025-10-13,25227.349609375,25267.30078125,25152.30078125,25177.30078125,234300,-0.0022938183927065925,0.004525218450622886,0.97
2025-10-14,25145.5,25310.349609375,25060.55078125,25277.55078125,292100,-0.003244479132464395,0.00439001220844842,0.63
2025-10-15,25323.55078125,25365.150390625,25159.349609375,25181.94921875,289900,0.007080820872521931,0.004511870079414604,0.93
2025-10-16,25585.30078125,25625.400390625,25376.849609375,25394.900390625,372800,0.010336228211479837,0.004757402332984036,1.53
2025-10-17,25709.849609375,25781.5,25508.599609375,25546.849609375,422100,0.004867983737610659,0.00480430167563749,1.65
2025-10-20,25843.150390625,25926.19921875,25788.5,25824.599609375,301100,0.005184813729964155,0.004851490685074369,1.77
2025-10-21,25868.599609375,25934.349609375,25825.80078125,25901.19921875,42500,0.0009847568259027106,0.004852201654238274,1.77
2025-10-23,25891.400390625,26104.19921875,25862.44921875,26057.19921875,448400,0.0008814076368377499,0.004831844632477169,1.72
2025-10-24,25795.150390625,25944.150390625,25718.19921875,25935.099609375,284900,-0.0037174505259611745,0.004886995029739035,1.85
2025-10-27,25966.05078125,26005.94921875,25827.0,25843.19921875,266300,0.006625291500029773,0.004990442875704075,2.11
2025-10-28,25936.19921875,26041.69921875,25810.05078125,25939.94921875,395200,-0.001149638146805021,0.004974606863145954,2.07
2025-10-29,26053.900390625,26097.849609375,25960.30078125,25982.0,321900,0.0045381040946781415,0.004982725159036721,2.09
2025-10-30,25877.849609375,26032.05078125,25845.25,25984.400390625,257400,-0.0067571756478100875,0.005081172918225108,2.33
2025-10-31,25722.099609375,25953.75,25711.19921875,25863.80078125,334400,-0.006018660837397216,0.005203162299114284,2.63
2025-11-03,25763.349609375,25803.099609375,25645.5,25696.849609375,23300,0.0016036793506921665,0.005173357753122631,2.55
2025-11-04,25597.650390625,25787.400390625,25578.400390625,25744.75,305100,-0.006431586779760301,0.005269486678576806,2.79
2025-11-06,25509.69921875,25679.150390625,25491.55078125,25593.349609375,371900,-0.0034359080045569534,0.005224783610789892,2.68
2025-11-07,25492.30078125,25551.25,25318.44921875,25433.80078125,305600,-0.0006820322478444663,0.0052189550454827755,2.67
2025-11-10,25574.349609375,25653.44921875,25503.5,25503.5,243600,0.0032185728871263475,0.005157925585485059,2.52
2025-11-11,25694.94921875,25715.80078125,25449.25,25617.0,297700,0.0047156471705849246,0.005016526593112259,2.17
2025-11-12,25875.80078125,25934.55078125,25781.150390625,25834.30078125,312600,0.0070384090258497345,0.004715258215883472,1.43
2025-11-13,25879.150390625,26010.69921875,25808.400390625,25906.099609375,385200,0.00012944949620363744,0.004701765756196188,1.4
2025-11-14,25910.05078125,25940.19921875,25740.80078125,25767.900390625,518900,0.001194026471448284,0.004676722626380787,1.34
2025-11-17,26013.44921875,26024.19921875,25906.349609375,25948.19921875,281800,0.0039906690408659795,0.004485243741074898,0.87
2025-11-18,25910.05078125,26029.849609375,25876.5,26021.80078125,280000,-0.003974806902018679,0.00459401836422853,1.13
2025-11-19,26052.650390625,26074.650390625,25856.19921875,25918.099609375,250100,0.005503640675154298,0.004521802015272098,0.96
2025-11-20,26192.150390625,26246.650390625,26063.19921875,26132.099609375,240400,0.005354541588221684,0.004582448221215851,1.11
2025-11-21,26068.150390625,26179.19921875,26052.19921875,26109.55078125,235600,-0.0047342428227803435,0.004666449254996544,1.31
2025-11-24,25959.5,26142.80078125,25912.150390625,26122.80078125,464700,-0.004167936312968079,0.004705995837749895,1.41
2025-11-25,25884.80078125,26032.599609375,25857.5,25998.5,260500,-0.002877529180069005,0.0047208926222521925,1.45
2025-11-26,26205.30078125,26215.150390625,25842.94921875,25842.94921875,275300,0.012381783530362567,0.005132509527540189,2.45
2025-11-27,26215.55078125,26310.44921875,26141.900390625,26261.25,240300,0.0003911422381892571,0.005064433898170608,2.29
2025-11-28,26202.94921875,26280.75,26172.400390625,26237.44921875,202500,-0.0004806903583736144,0.0049591535813434656,2.03
2025-12-01,26175.75,26325.80078125,26124.19921875,26325.80078125,213800,-0.0010380212747401751,0.004658328064088219,1.29
2025-12-02,26032.19921875,26154.599609375,25997.849609375,26087.94921875,254800,-0.005484113396941881,0.004727306033307722,1.46
2025-12-03,25986.0,26066.44921875,25891.0,26004.900390625,265700,-0.0017746951904364927,0.004655957832382364,1.29
2025-12-04,26033.75,26098.25,25938.94921875,25981.849609375,248100,0.0018375278996383138,0.004663547660261499,1.3
2025-12-05,26186.44921875,26202.599609375,25985.349609375,25999.80078125,249300,0.005865433091659877,0.0047752619736175965,1.58
2025-12-08,25960.55078125,26178.69921875,25892.25,26159.80078125,320700,-0.00862653945989178,0.004999662889450018,2.13
2025-12-09,25839.650390625,25923.650390625,25728.0,25867.099609375,276000,-0.004657081109092687,0.0049254211337898006,1.95
2025-12-10,25758.0,25947.650390625,25734.55078125,25864.05078125,207900,-0.0031598875909956137,0.004953073284313431,2.01
2025-12-11,25898.55078125,25922.80078125,25693.25,25771.400390625,206100,0.0054565875164998,0.004986213079938526,2.1
2025-12-12,26046.94921875,26057.599609375,25938.44921875,25971.19921875,216300,0.005729990019651465,0.0049398498534897126,1.98
2025-12-15,26027.30078125,26047.150390625,25904.75,25930.05078125,181600,-0.0007543469807149705,0.004801839600308694,1.64
